HASH_ID,HW00 Grade,HW01 Grade,HW02 Grade,HW03 Grade,HW04 Grade,HW05 Grade,HW06 Grade,HW07 Grade,HW08 Grade,HW09 Grade,HW Avg,Extensions,HW00 Late Days,HW01 Late Days,HW02 Late Days,HW03 Late Days,HW04 Late Days,HW05 Late Days,HW06 Late Days,HW07 Late Days,HW08 Late Days
ccc40dc59deb20f9d2aa162f32a897042c6ff8a1,100,91,100,88,92,100,86,100,100,,95.22222222,0,0,0,1,1,0,0,0,0,0
0ebaaad003868565710d1724cb582f41ed3aa598,100,97,97,98,100,100,89,100,70,,94.55555556,0,0,0,0,0,0,0,0,1,0
6e2f133cfae940ff672310c4ff824c7ef8eddf5b,94,88.5,61,43.5,92,92,75,26,64.4218,,70.71353333,0,0,0,0,1,0,0,1,2,0
c1c1f0a1fe3eee55891c2f5d9a921e0c0d7e1005,100,100,100,100,98,99,100,60,70,,91.88888889,0,0,0,0,0,0,0,0,0,0
1697b3ab314a9d0523a560fb62094ecc8b34c55f,100,55,96.5,100,92,98,91,95,70,,88.61111111,0,0,1,0,0,0,0,2,0,0
3822f5f3419d90d1d6abd392e34252539867b977,100,80,96,88,91,100,90,100,70,,90.55555556,0,0,0,0,2,0,0,2,0,1
76e5bea3c4541fc766a846f0c38cf2039d386777,98,85.5,93.5,90,100,100,96,60,70,,88.11111111,0,0,0,0,0,0,0,1,0,0
2c590c72ae298d0eb8d06d1eec09a191fb0dd949,100,100,102,94,94,96,92,94,70,,93.55555556,0,0,0,0,0,0,0,0,0,0
9f96ba0c0123a5b84d857f849a02a083a2fbba6b,100,95,99,100,96,99,100,95,97,,97.88888889,0,0,0,0,0,0,0,0,1,0
f0d807d1c94e746677fa7cce0b44b5f6534646bf,98,0,0,0,0,0,0,0,0,,10.88888889,0,0,0,0,0,0,0,0,0,0
199166168078f1058210fb1ed2f424a0fd37b7cf,100,92,98,96,98,100,92,60,100,,92.88888889,0,0,0,0,1,0,0,1,2,0
4bd4ddb37919a922702876e6b4117164cebbd9c3,100,88,67.5,0,0,0,0,0,0,,28.38888889,0,0,0,0,0,0,0,0,0,0
9736fd16bf30e047b764208a284acb5d921d6bc2,100,88,83,100,96,91,92,29.5,83.5312,,84.78124444,0,0,0,0,1,1,0,2,1,0
2ac9c3d2e2b75c154ab4ea8cc2bad9087497e779,100,99,100,100,98,100,93,60,70,,91.11111111,0,0,0,0,0,0,0,0,0,0
7898f7da218b0f5200fb859306a3262df425f955,98,92,97,100,100,96,100,96,100,,97.66666667,0,0,0,0,0,0,0,2,0,0
19a941d7bba8f42a286f5249358a6e49d06101cc,100,84.5,93.5,56.5,84,83,37,91.5,70,,77.77777778,0,0,0,0,1,0,0,2,0,0
d22db1196fa0ac6d2dcc909f62b7cc18b7780057,100,99,96,100,95,100,87,93,64.05,,92.67222222,0,0,0,0,2,0,0,2,0,0
4542f79f46c1e57daf32196b082986d08d6addda,100,86,99,100,96,100,84,100,86.8532,,94.65035556,0,0,0,0,1,0,0,0,0,0
20ece659e4a299b8be3c7d42aadc6edbdf358d08,100,95,96,95,98,100,96,100,97,,97.44444444,0,0,0,0,0,0,0,0,1,0
20ece659e4a299b8be3c7d42aadc6edbdf358d08,100,95,96,95,98,100,96,100,97,,97.44444444,0,0,0,0,0,0,0,0,1,0
1933eef337e0dad01d6f7dadc966c42abda9d7a5,100,102,99,99,93,100,97,100,70,,95.55555556,0,0,0,0,0,0,0,2,0,0
2d1e7e329d49709107b3cc3a54e79ecd10734d88,100,80,82.5,78,86,84,90,100,88.0906,,87.62117778,0,0,0,0,0,0,0,0,0,0
5c687dece2a95d9523cd5a32fc08c4818c0997e3,98,85,94,100,95,96,97,98,100,,95.88888889,0,0,0,0,0,0,0,2,2,1
dd20af6b99a464700a9fd8bf822fdfc87349b86e,98,90,84,96,100,95,99,60,90,,90.22222222,0,1,0,0,0,0,0,1,2,1
caf15d25f4ffc5852c73026246492a2fa5a850e2,100,96,97,102,98,100,100,100,70,,95.88888889,0,0,1,0,1,0,0,2,0,0
0c2eedb86a7888c7defd056d073fc040a338eec3,100,75.5,92,45.5,93,94,60,85,54.5126,,77.72362222,0,0,0,0,1,0,0,2,1,1
223e47f9cba0cfb0c1fd36160189bdcdd5fb3ae0,100,91,99,100,100,100,97,94,70,,94.55555556,0,0,0,0,0,0,0,0,0,0
dcab3e620c9948eb5e4c97ce51d2d1c15f305ea7,100,92,101,100,100,100,100,100,100,,99.22222222,0,0,0,0,1,0,0,0,0,0
dbb408c67891886f49ae26493267e9a783688783,100,96,100,100,98,98,84,60,96.2812,,92.47568889,15,0,0,8,7,0,0,2,1,0
b86d77222bb623cd350b6ffd4406591ce46dbbac,70,76,48,79,61.2,83,39,89,37.5156,,64.74617778,0,0,0,0,1,0,0,0,1,0
713df1cac37576e434673406ef25ccefacf3ae42,100,98.5,95.5,94,100,100,97,96,70,,94.55555556,0,0,0,0,0,0,0,0,0,0
a0cef07197a2d3435d6f57d5e90ea32e0e18d44e,96,57,71,15,94,18,0,33,40.8,,47.2,0,0,1,2,0,1,0,0,1,0
4128c27a816942a5871946e8691a7183b59429a9,100,87,97,100,100,100,92,94,70,,93.33333333,0,0,0,0,1,0,0,0,0,0
dadba0a4bc6afcbfc73b34c2aceff30b037b8901,84,20,95,43.5,0,0,0,0,0,,26.94444444,0,0,2,0,2,0,0,0,0,0
1b36a93c5733420b1086dbf81bc1e2af6678e411,100,83,81,82,0,0,0,0,0,,38.44444444,0,0,0,0,0,0,0,0,0,0
556833fe62464359391055ea2e18e848d48ad897,100,46.5,40,0,97,69,33,25,7.4376,,46.43751111,2,0,1,1,0,0,2,2,0,1
f9b3517060098c41fc220990ba51263fa76c34c5,100,97,100,100,100,100,100,100,100,,99.66666667,0,0,0,0,0,0,0,1,0,0
7a42f9b84fd3650124336c71bb93e1a69d8185ca,100,86,95.5,100,92,100,98,87,100,,95.38888889,0,0,0,0,0,0,0,2,0,0
8104778b1bd1b77512ff9909d781ad3440108d84,88,90,86,63.5,88.4,45,12,0,0,,52.54444444,0,0,0,0,0,0,0,0,0,0
74a099cc415506833fc2b1b731514bd28ac8098f,100,93,32,92,96,77,13,66,0,,63.22222222,2,0,0,2,0,2,2,0,0,0
0fc86b6a1afaad8cc203fac7e27c55097c310937,100,99,91,100,93,97,92,86,70,,92,0,2,0,0,1,0,0,1,0,0
ff3a194928159b2440a0a89750ae23fbf55f279c,70,74.5,79,54,92,100,44,87.5,70.4062,,74.60068889,3,0,0,1,1,0,1,2,1,1
7c8aacb1a1b8db047ada8a5e719c07f94ba911c0,100,98,97,100,100,100,97,100,70,,95.77777778,0,0,0,0,0,0,0,0,0,0
ba5871e0c8d519c35c818eb8cee94c7f49e7eaa4,100,97,81,98,98,100,97,98,100,,96.55555556,0,0,0,0,0,0,0,2,0,0
b9c2d0d2342a353dad6ddd8bb452466719b8f726,100,88,100,99,95,96,94,100,70,,93.55555556,0,0,0,0,0,0,0,0,0,0
1ad9edc00d9ebb99dd584bc7702d51428456e6db,98,96,86,55,94,92,63,86,59.7406,,81.08228889,0,0,0,0,1,0,0,0,0,0
2adc3e45fc704d8286cf0b39376b823871ed8484,100,98,90,100,98,92,100,60,70,,89.77777778,0,0,0,0,0,0,0,0,0,0
8d6e3a4788b876ced6ef6f77912d1ee181b415fc,92,95,92.5,81.5,90,94,79,100,64.2906,,87.58784444,0,0,0,0,1,0,0,2,0,0
7dec407a0a131855a9137b0e04a6cc5b9cb8af66,100,98,80.5,98,91.4,95,91,100,70,,91.54444444,0,0,2,0,0,0,0,1,0,0
dec8062b7eab8a96c95b9d4fedbd62dce2e25925,100,96,93,97.5,100,100,100,60,70,,90.72222222,0,0,0,0,0,0,0,0,0,0
82090777057e5b8418e4c209a20c2928997d24cb,100,100,98,72,98,100,99,97,70,,92.66666667,0,0,0,0,0,0,0,0,1,2
7adfe8a8f2ce49fabe8772d2c7d7deca8749b914,98,94,94,100,96,98,100,100,100,,97.77777778,0,0,0,0,1,0,0,0,0,0
ade33521e7d76a3811bb51f5b3a319d05e6e6ef7,88,85,30,35,0,0,0,0,0,,26.44444444,0,0,0,0,0,0,0,0,0,0
c090aea6396949a3e236f180d10c0a6d2c0830c2,100,69,96,96,100,100,64,88,72.9626,,87.32917778,1,0,2,2,1,0,0,1,0,0
f28c6e1a9bf60d3ba776d6be18bb5dcc3d2d91da,100,92,92,54,95,92,97,94,70,,87.33333333,0,0,0,0,0,0,0,0,0,0
b6ebdf3e5f0e4bbfda909dac06134289016c7359,100,98,96,100,98,100,97,99,100,,98.66666667,0,0,0,0,0,0,0,2,0,0
d6dc01b3eb6b54a9638fd12260fb20e169d5da66,100,98,99,100,100,100,90,60,70,,90.77777778,0,0,0,0,0,0,0,2,0,0
21dab4c1463f923623b244ac4c19f58c41bc46bc,100,97,100,98,100,96,100,100,100,,99,0,0,0,0,0,0,0,1,1,0
c8644b4cd562816bcc1a3c5dd236ec0d1a178ee1,100,98,94.5,94,98,93,100,100,70,,94.16666667,0,0,0,0,0,0,0,0,0,0
96eef9f178b631ed0e867941742c25f4b9f65da7,100,95,86.5,43.5,77.2,96,62,57,60.8126,,75.33473333,0,0,0,0,2,0,0,2,1,0
e2b0a9571c6fef418621bf040dca3da8c5362a21,100,102,94,100,100,100,100,96,100,,99.11111111,0,0,0,0,0,0,0,1,0,0
76d73dd6aeff425bfefdd46f36c07ab5e12bc561,100,96,101,87,98,100,99,104,70,,95,0,0,0,0,0,0,0,2,2,1
ce441af47af87f111d102b2233f3d9a5072e1add,100,102,92,100,98,100,96,60,100,,94.22222222,0,0,0,0,0,0,0,2,2,0
91fbcb21c14a7530f2f3ef869853a53622ed7334,100,96,98,96,100,100,93,60,70,,90.33333333,0,0,0,0,0,0,0,2,2,0
0c51503c95c50eeaf97615b29561f75e0d6d60c3,98,88,100,96,98,100,80,100,100,,95.55555556,0,0,0,0,1,0,0,2,0,0
0ca06f2f6d203a8c20ee3d33c95ce3a1c9550356,0,97,100,98,98,100,98,100,100,,87.88888889,0,0,0,0,0,0,0,0,0,0
e136194611ec53c12b1a683367697ae6bbbc25a9,100,92,100,98,100,94,98,60,70,,90.22222222,0,0,0,0,0,0,0,0,2,2
6d763f06e966f577fbcdec420126b548c6e079f3,100,79,92,91,88,100,100,100,70,,91.11111111,0,0,0,0,0,0,0,0,0,0
713c5dddd704f0ddc8f58ea00009c7aba94363f6,98,92,85,100,94,100,96,94,70,,92.11111111,0,0,0,0,0,0,0,0,0,0
4be2bd63e16a633b451b15c7c4721b46d35da827,90,90,91,97,92,100,28,86,0,,74.88888889,0,0,0,0,2,0,0,7,0,1
e1b5834a6e396f55d9255e1f9f33f66d3a4b6a0f,100,96,99,98,100,100,100,100,100,,99.22222222,0,0,0,0,0,0,0,2,0,0
81db814e40730e5f149c4c26551a6f86ce1b8e64,100,92,99,100,102,100,86,60,100,,93.22222222,0,0,2,0,0,0,0,2,1,0
99802559e72cbc82cce3a1f791d612faeeb5e9ef,100,85,94,100,98,100,100,104,70,,94.55555556,0,0,0,0,1,0,0,0,0,0
6b36b01b915e6699622925a14d422694d6194be0,100,95,100,100,100,100,95,92,70,,94.66666667,0,0,0,0,0,0,0,2,0,0
f2bb2b3fe03f459960fc0f061ca7251557340fd5,100,93,92,98,100,98,97,100,98,,97.33333333,0,0,0,0,0,0,0,2,0,0
ce42cdf26990c18f000612e72044b1c5ec54213f,100,93,92,100,100,100,98,60,70,,90.33333333,2,0,0,0,0,0,0,2,2,0
0f88be4b4d0a31605c539532fce08ed600190170,100,100,94,83.5,98,100,98,60,80,,90.38888889,0,0,0,0,1,0,0,0,0,0
de363e10e402f868d57db34f57576b700edc7c2b,100,100,98,100,93,100,94,96,70,,94.55555556,0,0,0,1,0,0,1,1,0,1
a10b795c0a8f5add8833833866721769c75aa371,100,98,99,96,98,100,100,100,70,,95.66666667,0,0,0,0,0,0,2,2,0,1
3041a53686abd2d37493352be2b24a14c40071a8,98,92.5,95.5,96,100,100,100,100,100,,98,0,0,0,0,0,0,0,0,0,0
782609f05e6b3ee3cc234474e3e072029fc9a9db,100,93,97,100,97,100,100,98,100,,98.33333333,0,0,0,0,0,1,0,1,0,0
d855caf029466d356572dd2ba8ccdebee0e2227e,100,98,99,100,100,98,87,100,70,,94.66666667,0,0,0,0,2,0,0,2,0,0
6507e9a59c7760b7c7d8d0a3a16ba7eeb9e1ba64,96,100,100,100,99,100,95,98,70,,95.33333333,0,0,0,0,0,0,0,1,0,0
66c9b4c37d28677a10b2259a87fcacfd63dbd9a0,100,97,86,100,98,98,98,98,70,,93.88888889,4,0,0,0,0,0,0,1,0,0
2d8ae2ab222603a73f98853020208a89c7cef84d,98,102,100,102,102,100,100,100,100,,100.4444444,0,0,0,0,0,0,0,0,0,0
938b2ca6524c5956664ef117537fc37a8acbec18,100,96,91,98,100,100,91,60,70,,89.55555556,0,0,0,0,0,0,0,2,2,0
fb73ea9cf4691e35b05bfd0192b1ba7f0d2dbc8f,76,93,96,94,96,92,98,100,100,,93.88888889,0,0,0,0,0,0,0,2,0,0
6144b2ccc7cad06963c6033a19657dd7e935b237,100,32,21,37,68.2,53,0,0,0,,34.57777778,1,0,0,2,2,0,0,0,0,0
6d5aaa9492af40790519b44d5062cc519c34f643,100,95,98,98,96,100,72,88,41.9562,,87.6618,0,0,0,0,1,0,2,2,0,0
1f6649cfa736c67eb2271da4a3afea2c55db34e6,100,9,44,19.5,0,0,0,0,0,,19.16666667,0,0,2,2,0,0,0,0,0,0
008a13042777e1aaca446a68fbc5b3877e6ed232,100,100,95,97.5,98,100,97,100,70,,95.27777778,0,0,0,0,0,0,0,0,0,0
b5e0812e60445d3fe7535f892e0b7735479b52fc,100,74,80,93,100,99,92,100,70,,89.77777778,0,0,0,0,0,0,0,0,2,0
6fc87d4f53fe81c4bd7a3d4b3c53ac521ba7c6d3,100,92,89,100,100,98,99,60,70,,89.77777778,0,0,0,0,1,0,0,1,1,1
d66d29ea031cc5b849475d74a16fba15e284c0b1,100,98,88,73.5,89.6,100,98,93,70,,90.01111111,0,0,0,0,1,0,0,0,0,0
2d7848bb411c2d1dfe75ddd2c095195b42110776,100,100,100,100,100,98,93,100,100,,99,0,0,0,0,0,0,0,0,0,0
67aaf2c30b90ae3ed9eb57c5c86d88bc439f0930,100,90,91,65,91,90,52,100,45.4344,,80.49271111,0,0,0,0,1,0,1,2,1,0
9626bfcdcbfdda64ce3a31191ceb88c9f8b52978,100,100,95.5,100,100,100,100,100,100,,99.5,0,0,0,0,0,0,0,0,0,0
752ac65f19eb98c6987504a1382f382be9b25d76,100,92,84,99.5,98,100,97,94,70,,92.72222222,0,0,0,0,0,0,0,2,0,0
34be5a53134a4e68dae61bf2fac1ba4c91030569,100,89,100,90,80,96,58,96,62.6718,,85.74131111,0,0,0,0,0,0,0,2,0,2
3e11348b68914f93fc74cde47fbcf05cc4b2867d,100,96,98,100,98,100,78,42,70,,86.88888889,0,0,1,1,1,0,1,1,0,0
e3f6726c87109c172bf57544bda8ab40e32822be,82,78,100,88,98,88,57,97,88.2906,,86.25451111,0,0,0,0,0,0,0,1,0,0
a8b23ae46c5e1054e878c347171f4a0beae41780,100,0,0,0,0,0,0,0,0,,11.11111111,0,0,0,0,0,0,0,0,0,0
69b307789e8a056939d00817344cff7b2c6a801f,100,87,85,90,85.2,96,95,93,70,,89.02222222,0,0,0,0,0,0,0,1,0,0
3d5924dc0067c7236dc1c9317ce16d9c52cd3c14,100,96,89,86,100,98,86,98,100,,94.77777778,0,0,0,0,1,0,0,2,0,0
6e4e0168083716fe8b485ddb5ddc86d02ebaae6f,100,94,97,73,100,98,98,104,66.15,,92.23888889,0,0,0,0,0,0,0,2,0,0
ea75f49943d3ecd813163f096f0f21ccbd4ef8c9,98,95,90.5,98,100,100,84,100,70,,92.83333333,0,0,1,0,1,0,0,2,1,1
ec1f4b6abfb302c4fb6d6d8e0d98134f7da23aa9,96,50,98,10,59.4,96,33,81,51.4938,,63.87708889,0,0,0,0,0,0,0,2,2,0
04ddc6d8c8a0d19b0bbecc287f15f39b8c9d0795,100,96,100,100,98,100,96.5,100,100,,98.94444444,0,0,0,0,1,0,0,2,0,0
8f44159e06781fa522902f2d7f8f3174706f414e,100,98,91,81.5,83.6,100,72,65,81.1406,,85.80451111,0,0,0,0,0,0,0,2,0,0
6605b28f4160ac2ecd5ed4dec5a815d066f309b3,100,88,96,97,98,89,94,100,100,,95.77777778,0,0,0,0,0,0,2,2,0,1
6ca0204ff8eea819742c218f58750954f2f2268a,100,91,96,99,100,97,100,90,70,,93.66666667,0,0,0,0,0,0,0,0,0,0
1daf3808a0069a2ee28993bb7b4358f05d35d5d4,100,90,89,100,98,92,33,96,70,,85.33333333,0,0,0,0,0,0,0,3,0,0
06467b2648c30d4d11aa67b8728256be67992c34,100,0,0,0,0,0,0,0,0,,11.11111111,0,0,0,0,0,0,0,0,0,0
6663a4284c794ea4550e61af7191209e73045a86,100,98,100,100,100,100,98,95,100,,99,0,0,0,0,0,0,0,0,0,0
16f05fc1b167b79d431c60e7690dbf8f42a6490b,100,79,92,65,98,92,0,42.5,89.85,,73.15,0,0,1,0,0,0,0,0,1,0
50a9d11d5eaae9d4ded85ab934739b0729868a9b,100,90,94,85.5,98,92,75,64.5,41.2344,,82.24826667,2,0,0,0,2,0,0,2,1,2
7b882877d83362844ed860059e5e2274b5e1aa6a,90,90,97,96,100,100,100,100,70,,93.66666667,0,0,0,0,0,0,0,2,0,0
63f4115bbb9423cfd4cbababe99e05ccf5cce205,100,95,68,59,0,0,0,0,0,,35.77777778,0,0,0,0,0,0,0,0,0,0
b39d544b1afbe0322c1ceb413137cd994e42fd7c,100,96,91,102,102,100,100,97,70,,95.33333333,0,0,0,0,0,0,0,1,0,2
f4a70b94c0f0672dc6493d156518ae25c3976a06,100,102,100,100,100,100,100,60,70,,92.44444444,0,0,0,0,0,0,0,1,0,0
774cf3671ebe5091f067b093a88ad67c0d9c1f93,100,91,65.5,74.5,91,96,59,43,23.4062,,71.48957778,5,0,0,4,2,1,2,1,0,0
0b2b215d3895dc070ff308ca5d5733bb0abda40f,100,84,93,97,95,100,99,92,70,,92.22222222,0,0,0,0,0,0,0,1,0,0
406d5a7eb8631d2290294c40711318b956ed54fd,100,0,78,85.5,96,98,77,16,90.0812,,71.17568889,8,0,0,0,0,0,0,2,2,2
025e11c5a647be6af45e5040241901ecd65080f3,100,100,92,98,100,100,100,98,100,,98.66666667,0,0,0,0,0,0,0,0,2,0
b736d508e99ced70c414fb27044a0f8eef9cf0fc,100,88,91,79.5,98,90,93,100,70,,89.94444444,0,0,0,0,0,0,0,0,0,0
f9fbdcf24195ad559c966a8f75610043b7cdf377,100,83,95,96,98,100,95,100,66.2812,,92.5868,0,0,0,0,2,0,0,1,1,0
5f696a4f439ae9f07efbb9de1a05465fb9a33565,100,89,89.5,100,98,99,98,100,70,,93.72222222,0,0,0,1,0,0,0,0,0,0
96445cce79699a39851a184246b06b24c63497ff,100,94,99,100,100,100,99,100,100,,99.11111111,0,0,0,0,1,0,0,2,0,0
15c790d885b3c3fbf73e766b09fe14cb31b34d63,100,88.5,90.5,93,100,100,78,60,70,,86.66666667,1,0,0,0,0,0,0,2,3,1
de33cbea046c82f21788506f3ed0fa57fa2d7234,100,94,93,88,96,100,98,100,92.6718,,95.74131111,0,0,2,0,1,0,0,2,0,0
93e7a80b207ccc4059daf3a1abba11dfa8c6c23c,100,102,98,100,100,100,100,100,70,,96.66666667,0,0,0,0,0,0,0,1,2,0
0e5e2419246434693bfda4a7c0c42bf8f6a75339,100,100,97,100,98,100,88,98,70,,94.55555556,0,0,0,0,0,0,0,0,0,0
af8848d505a376b4e59386d65856ccdd1ddf1afd,100,100,100,100,100,98,100,60,70,,92,0,0,0,0,0,0,0,2,0,1
347d33b6e5785dc56109485ce720e361d0a4a675,100,86.5,86,80,92,86,39,0,28.8094,,66.47882222,9,0,1,0,1,0,0,0,2,1
4b1bdce4f691e61e6694450ed8852dd984473389,100,88,50,29.5,56.8,24,10,0,0,,39.81111111,0,0,2,1,0,1,0,1,0,0
fe2e08430cd89089761b57c837a57065a1f7c07f,100,98,97,100,100,98,99,60,70,,91.33333333,0,0,0,0,0,0,0,1,0,0
65fadf52b477dfc365a46cb400d773792dcb3341,98,93,98,98,97,95,100,60,70,,89.88888889,0,0,0,0,0,0,0,2,2,1
2e5d899ce757dacb028d693fd162f019e1d137b9,90,86,100,66,100,100,0,16,96.3906,,72.71006667,0,0,2,0,2,0,0,0,1,0
c7aadf4912f25ac6317e98926d87a85c772adc2d,100,93,90,50,52,22,10,71.5,38.8938,,58.59931111,8,0,1,0,10,2,0,0,0,0
d3a589e84b30e55239a8008d6282b647a1e62e92,100,0,0,62,72.4,94,69,88,98,,64.82222222,0,0,0,0,0,0,0,1,0,0
68b0463b34364f614b76a8a97ac7c98b37916506,100,4,83,97,96,90,85,94,62.6718,,79.07464444,0,0,2,0,0,0,0,0,0,0
d5cc740e95c44f2dbaeae9e413a3837747409278,98,97,94,100,95,97,100,100,100,,97.88888889,0,0,0,0,1,0,0,0,0,0
444500e9b1f9ba58a2d0653d8ccdb0cf46debca7,98,99.5,96,100,100,100,80,60,70,,89.27777778,0,0,0,0,0,0,0,2,2,0
b8dd4bb13b8b9d3dacaf062bc30800dbdccecf4b,100,98,100,100,98,100,100,100,98,,99.33333333,0,0,0,0,0,0,0,2,0,0
a4e9bd7a39a4a3fa3ba6fa3d9fcc4226d3d63a46,96,80.5,76,78.5,91,82,80,17,68.25,,74.36111111,0,0,2,0,0,0,0,1,1,0
469ce5ae9862c2ae31c75a1404a8b03af40db5ba,100,98,98,100,100,98,100,93,70,,95.22222222,0,0,0,0,0,0,0,0,0,0
2e26f875a0ef7b1f5682286d9dd0543997d7c42c,100,100,94,100,99,100,96,98,100,,98.55555556,0,0,0,0,0,0,0,0,0,0
d148af6f7dbcd9232375295c6a1cd1b08e885dd5,100,54,95.5,73,92,100,10,34,28.7,,65.24444444,7,0,0,1,2,0,1,8,2,0
8b25c7b3a77c29e1c3d4b80e6d0d846ad2d491f1,100,94,87,98,100,100,95,100,98,,96.88888889,0,0,0,0,0,0,0,0,0,0
62c9c37ab7a39714cac0dde9affe3bd38751d13a,100,93,98,98,100,100,97,100,70,,95.11111111,0,0,0,0,0,0,0,2,2,1
b0562a7e84830696ceb1f739f48ce79230064a56,100,102,95,100,98,98,98,100,96.2812,,98.5868,0,0,0,0,0,0,0,2,0,1
5bd06d8ef939a24e4be9a8a295565db039cfb173,100,90.5,89,63,99,100,81,100,88.9532,,90.16146667,0,0,0,0,1,0,0,1,0,0
27f00efeac6eafc4281f76529fd10d11c1827f52,100,88,61,0,0,0,0,0,0,,27.66666667,0,0,1,0,0,0,0,0,0,0
270e0b07846ed7becbdb27ff75dffe53de21d3e0,100,99,99,98,94,100,97,94,70,,94.55555556,0,0,0,0,0,0,0,1,1,0
15b943b08735673bf26c83a3211e0dcdbe4014e0,100,87,64,71.5,95,93,61,22,53.375,,71.875,0,0,0,1,1,0,0,1,1,0
343ccf52c9595fbe9cbe44606f9d7903307e24a3,100,81,98,90,100,100,98,92,62.3218,,91.25797778,0,0,0,0,0,0,0,2,1,2
c061d1f68b6b074424d6fdebae21d15b25686750,100,78,88,95.5,0,0,0,0,0,,40.16666667,0,0,0,0,0,0,0,0,0,0
198314c2ae4294f0607d2c85c1e50817f69c6613,98,98,94,98,98,96,94,100,100,,97.33333333,0,0,0,0,0,0,0,0,0,0
26455cd1ecb5229a5e1d69f5c4c845da30ed54c9,100,93,92,100,97,100,97,98,70,,94.11111111,0,0,0,0,1,0,0,0,0,0
24d8a641417c3d9b096f69b4afc2f647c5dc1265,100,94,85,102,100,100,98,60,70,,89.88888889,1,0,0,0,0,0,0,1,1,1
2c22b20e671dbf5ab6f9c84da21690f72cbed8ef,100,84,97,98,98,96,93,60,94,,91.11111111,0,0,0,0,1,0,0,1,2,1
683d30cf12add9df08c8250cfd9b8153ff0acd3e,100,71,86,93.5,98,90,43,94,70,,82.83333333,5,0,0,0,0,0,0,7,0,0
ba3b42be44a09ab0db64b811784be57512ecf985,100,95,93,96,100,100,97,60,70,,90.11111111,0,0,0,0,0,0,0,1,0,0
1a676b4c17bf88842f0bb342f6a115f5bf3abba9,100,90,98,100,100,98,97,60,70,,90.33333333,0,0,0,0,0,0,0,0,2,0
fee49cbc8cf946fadb723614b8caafb24a1c6d48,100,90,97,98,97,100,95,100,70,,94.11111111,0,0,0,0,0,0,0,1,0,0
250f90922642dce6892783fe11a3cbaf5e917cb1,100,91,99,100,96,100,100,100,100,,98.44444444,0,0,0,0,0,0,0,0,0,0
5be9cd1cda5d6b1980de1fd652ef4229e3eb8577,100,95,94,100,93,100,99,94,100,,97.22222222,0,0,0,0,0,0,0,1,1,0
5e2ba60bf6ae614bec98f4bde693868ba49a559e,100,94,79,100,98,100,100,92,70,,92.55555556,0,0,0,0,0,0,0,2,1,0
c2a32a9dd1f7c70f0249589f590c01385948a7b4,100,96,72,100,75,82,78,98,70,,85.66666667,0,0,0,1,0,0,0,2,0,0
66e8f980b419372422e7a90d1913393cfbc8808a,80,94.5,95.5,45.5,0,0,0,0,0,,35.05555556,0,0,0,0,0,0,0,0,0,0
39f90f24f85a2f93c9d839d03aba91f924f421b8,98,38,45,0,0,0,0,0,0,,20.11111111,0,0,1,0,0,0,0,0,0,0
f789e70e136b898f3580af7fe3fc63c5b741991b,100,86,85,100,98,100,97,100,100,,96.22222222,0,0,0,0,0,0,0,0,0,0
e96d3fb323ad61d729908a2127e163ff6dda2443,100,97,95.5,99,97,100,93,100,70,,94.61111111,0,0,0,0,0,0,0,0,2,0
542af3c2f80579d059d762834b7c212e25ee3e33,100,92,85,97,92,95,98,94,70,,91.44444444,0,0,0,0,0,0,0,1,0,0
86a8bdb0a8c9676a3c2341b787d4c693856791e1,100,96,99,102,100,98,100,60,70,,91.66666667,0,0,0,0,0,0,0,0,0,0
b153914f2e02d75d24451557bd564a3fac4473ae,100,94.5,79.5,92,100,89,47,60,0,,73.55555556,0,0,0,0,2,0,0,1,0,2
71fe42a113dd697e5b2febb2d566d6f80d376d03,100,92,100,98,94,95,96,100,70,,93.88888889,0,0,0,0,1,0,0,0,2,2
6e187a8a1e51badcb72f58aa711583db4f2d3393,100,70,97,88,100,98,78,60,68.1406,,84.34895556,0,0,0,0,0,0,0,1,2,2
2fcd57e994ce4e99ea705980aa0f47d3307e3ab7,100,92,94.5,95,100,96,97,60,70,,89.38888889,0,0,0,0,1,0,0,2,2,0
5d62f611d889cb7019dd0fc8cf9ef3b15a83c810,100,73,95,90,100,100,43,26,18.05,,71.67222222,0,0,1,0,1,0,1,2,0,0
e761b3497fcd3266080b6cfa1e7ec2eeda61b25e,100,82,100,63.5,94,100,90,92,66.2812,,87.53124444,0,0,0,0,2,0,0,2,0,0
0cec4107a713477189bb82d9d34b81190cb1201b,100,89.5,100,96.5,100,98,72,96,68.8156,,91.20173333,0,0,1,0,0,2,0,2,0,0
f9bca1aec5accded1070638cdde237bb8c81c301,100,93,100,100,100,99,100,100,70,,95.77777778,0,0,0,0,1,0,0,2,1,1
d6e9814a3868b71061aca4eae8273d857b125994,100,90,82.5,100,98,96,98,100,100,,96.05555556,0,0,0,0,0,0,0,1,0,0
f724564ebbaf4cbfa45bbb21a883b9b4e33108ed,100,89,88.5,92,89,97,93,60,67.9,,86.26666667,0,0,0,0,0,0,2,1,1,0
a0c979eb2ed3dd7ed0809650ab784850de9afadc,100,94,90,41.5,98,98,34,96,45.325,,77.425,8,0,0,0,10,0,0,2,0,1
0de822bddc1dd72a3230320f51b10b9f7a509869,100,54,81,2.5,72,82,10,96,57.3126,,61.64584444,0,0,0,0,1,0,0,2,0,1
f585fa117b6526204820e0b1eb2a80d27b8592f5,100,92,63.5,100,98,100,100,97,70,,91.16666667,0,0,0,0,0,0,0,0,0,0
4c948f488d593c3e166696d2b6f6347110516450,100,88,75,94,98,96,100,98,100,,94.33333333,0,0,0,0,0,0,0,0,1,0
a89be8df0626f0b9957032dd58fdeab74412a8b5,100,96,97,93.5,87,100,92,99,70,,92.72222222,0,0,0,0,0,0,0,2,0,0
0e874cd0ec2bac9c0fde37da1d71d9f9c0456023,100,92,83,71,76.8,98,64,100,58.7126,,82.61251111,0,0,0,0,0,0,0,2,1,1
585e11bbcd145d378d188bde0220988e63005f64,100,81,95.5,92,100,92,89,97,70,,90.72222222,0,0,0,0,0,0,0,0,0,0
3064ded73b27ebf4e4be83f9940854d520b6d6a9,100,86,96,100,97,100,97,100,100,,97.33333333,0,0,0,0,0,0,0,0,0,0
80ef8b175906556768725249bfe6689efaefc880,100,75,88,5,93,95,44,100,38.85,,70.98333333,0,0,0,0,9,0,0,2,0,0
6923d2c4a9b794f7653cdc3c892b733d71da9af5,100,87,91,91,98,97,100,100,100,,96,0,0,0,0,2,2,0,1,0,0
c3fc16e36541476612e0bb0f315be56cc89f2256,100,84,83,59,68,98,73,6,67.9,,70.98888889,0,0,0,0,1,0,0,2,1,1
7d0d034b66e61ddcb7f9c81b42fa9d6c790e2fe1,100,96,96,90,98,96,100,98,70,,93.77777778,0,0,0,0,0,0,0,2,0,0
b5cd0e6c19a855f779db1522e8aae08c8e5bef43,100,88,90,102,99,100,98,100,70,,94.11111111,0,0,0,0,1,1,1,1,1,0
1655907b46332e9bf59fd3792dffea88f661da4d,100,78,99,48.5,97,100,80,92,97,,87.94444444,9,0,0,0,10,0,0,0,0,0
8c1380e65b8b929a2468b924a87169041cf74873,100,100,97,92,96,100,89,60,100,,92.66666667,0,0,0,0,0,0,0,0,2,0
57ee738221009ddeee88e1636ea1d3cc0e9985c5,100,80.5,90.5,73,91,84,96,69,66.15,,83.35,0,0,0,0,0,0,0,0,0,0
f287bc03f1da354760d06ae72a386f51451e0278,100,97.5,94,97.5,98,100,87,98,70,,93.55555556,0,0,0,0,0,0,0,0,0,0
7a9afe398c11e435a6d7fd72619249adeb381e2f,100,97,100,100,100,98,98,100,100,,99.22222222,0,0,0,0,0,0,0,0,0,0
833518764076caa037d114455cff8b00883bb085,100,95,99,100,98,100,96,98,70,,95.11111111,0,0,0,0,0,0,0,0,0,0
36e1da1b027e8da8c46ffbb07b0a8d1e7d197a86,100,38,76.5,48,88.4,90,65,46.5,66.2812,,68.74235556,0,0,0,1,0,0,0,1,0,2
25fe012692240da59936ab2cd702848f6ab41d7f,100,84,98,98,99,100,99,100,68.25,,94.02777778,0,0,0,0,0,0,0,0,0,0
66185f6c983513b8b2b899e1e3b09e33aa9c8d97,0,0,0,0,0,0,0,0,0,,0,0,0,0,0,0,0,0,0,0,0
d4389a01a42868ac533884b4b8b94af7a65121a6,100,94,88,92,92,91,100,75.5,78.5626,,90.11806667,0,0,0,2,1,0,0,2,0,0
ac39e2fbeae46c23551eb54e9ffe6735af6ebbac,100,100,99,98,94,94,99,88,100,,96.88888889,0,0,0,0,0,0,0,1,0,0
f6a45f0aa04a8d131333739859a926bcbc8a12a9,100,86,68,79.5,100,75,54,24,57.2032,,71.52257778,0,0,1,0,2,1,0,1,0,0
432d6f1cb419a77afaef67325d541f506d80cec7,100,100,98,100,98,100,97,100,70,,95.88888889,0,0,0,0,0,0,0,0,0,0
50fa24df3a840e16ab9aac65494fb39960a78ac3,100,90,97,94,96,97,98,96,70,,93.11111111,0,0,0,0,0,0,0,0,0,2
a96f6211648f9ecbd94850e4271c8cfe29f7ddfb,100,83,77.5,96,100,100,92,100,100,,94.27777778,0,0,0,0,1,0,0,2,2,0
69c72846174d65b49ebdd1cb6a25f0e2781d262c,100,100,94,97,100,100,81,90,70,,92.44444444,0,0,0,0,0,0,0,2,0,0
a2ed97ccae0bb30d89307c34d163ec2761a8eacd,100,59,48,74,93,100,43,96,98,,79,0,0,0,0,0,0,0,2,0,2
03ca17c101841d13b549bea0ce51f4e0fe320d0c,100,100,94,102,102,100,100,100,70,,96.44444444,0,0,0,0,0,0,0,0,0,0
842fbda27b35b29ea68ee1c0c3da3bd2be207210,100,94,87,100,98,100,93,100,70,,93.55555556,0,0,0,0,0,0,0,1,2,0
107e619e6f2a5a39e729d6ffaa91b43d2be99edf,98,90,97,100,96,88,100,60,70,,88.77777778,0,0,0,0,0,0,0,1,0,0
6441d968337ce853fb844b4be2360a7680bd3d3d,100,94,94,100,100,100,96,100,70,,94.88888889,0,0,0,0,1,0,0,2,0,0
89daac6f0b6f67287ebfb791365f69bb3fdaf8e7,100,94,99,81,95,91,0,22,64.4,,71.82222222,0,0,2,0,2,0,0,0,1,0
c2602bcc459c63ef5986cba9d78253119f74c567,100,100,100,100,100,100,100,60,70,,92.22222222,0,0,0,0,0,0,0,0,0,0
4a181b8a0daafd8c1c8b971d48fb20139cc2e58e,100,88,99,92,98,100,99,89,70,,92.77777778,0,0,0,0,0,0,0,1,0,0
9e9976283823c7044a8ba42785855e9e16dc9134,100,72,86.5,94,96,98,99,99,70,,90.5,0,0,0,0,1,0,0,2,0,2
e0d84997d15e10bdfe98baff903bde2d78d26773,100,93,91,75,73.6,100,21,81,62.3218,,77.43575556,5,0,1,0,1,0,0,7,1,0
04810dc49618a521e56f3207dc85b34ec4e67375,100,102,96,94,100,100,97,94,100,,98.11111111,0,0,0,0,0,0,0,0,0,0
986b7ca95742aa90d2aeb25dff1d6a22d497659e,100,90,64,97.5,98,93,100,92,70,,89.38888889,0,1,0,0,0,0,2,1,0,0
3e153ba5e93176a5402d30722e402771b771bf55,100,96,100,100,99,100,98,98,96,,98.55555556,0,0,0,0,0,0,0,0,1,0
4c0e060545d21fcedf84f937c59a97bbc71a69e3,100,102,98,100,100,100,94,60,70,,91.55555556,0,0,0,0,0,0,0,0,0,0
2892d3dbc857f6742361415ebd37d0dde3eeb077,100,81,82,91.5,100,100,94,98,94,,93.38888889,0,0,0,0,0,0,0,0,0,0
6db5438b3419df449f02fef8ae541ad4c3e972cf,100,77,95.5,90,96,97,97,60,70,,86.94444444,0,0,1,0,0,0,0,1,1,0
c0c9189b7b9396f01b6da23677de6c1f2ca8bba7,100,95,98,100,95,100,100,95,70,,94.77777778,0,0,0,0,0,0,0,2,1,0
5950ad0df7ed21fc66a3af04ed8cb667e6051a02,100,92,80.5,98,100,100,98,100,100,,96.5,0,0,0,0,0,0,0,1,1,0
3932b8c4b8eceb9304e1273203288b7344a72e1c,100,90,100,97,98,100,99,90,70,,93.77777778,0,0,0,0,0,0,0,0,0,0
d095c107bc365afe22ee3154484d4eb12440aa56,100,98,94,100,100,100,95,100,100,,98.55555556,0,0,0,0,1,0,0,1,2,0
6bdc06fda22c35736f923f79caf364818c92242a,100,67,36,84.5,94,76,31,58,8.4,,61.65555556,0,1,1,0,2,0,0,1,0,0
55c22b2f9d6817c1fe72d44c330abca86d474e26,100,79,89,100,96,100,87,98,90,,93.22222222,0,0,0,0,0,0,0,2,0,0
c59765dbf72a19a26a730a0dee227a097a1abbca,100,100,93,98,97,100,97,0,0,,76.11111111,0,0,0,0,0,0,0,2,0,0
737a7201f8108e07db06622a15ebc3a749e50f3e,100,94,95,77.5,98,87,12,56,87.3126,,78.53473333,1,0,0,1,1,0,2,2,0,0
d7e4aad81a2fc6223695a9c7081657d7dd2e43f6,94,96,92.5,91,100,98,100,100,70,,93.5,0,0,0,0,0,0,0,2,0,0
ec3575e0aaf86406ac4a84bb5d0049cbed28c421,96,94,88,100,96,98,96,96,70,,92.66666667,0,0,0,0,0,0,0,0,0,0
4ee624ba618e49234700248189f5f77acf310f5a,100,98,100,100,98,100,99,100,70,,96.11111111,0,0,0,0,0,0,0,1,0,1
6c461bf548b9c9d93287748945b41d2251965d93,98,76.5,54,68,81,92,19,52,92.1812,,70.29791111,0,0,2,2,1,0,0,8,0,0
958c9425eca66a75a15a62f0ba018c486934007c,100,89,96,96,100,100,97,96,100,,97.11111111,0,0,0,0,0,0,0,0,0,0
409cbf4bc16c594da820d29c743f14a10e7919f1,100,84,84,100,98,98,88,11.5,70,,81.5,0,0,0,1,0,0,0,1,2,0
4b8cafbb2f0acbe010290da14340378e9c684d75,100,98,98,100,100,96,95,94,70,,94.55555556,0,0,0,0,0,0,0,2,0,0
d9b3baf435d965814c522937027386a1189b3e8a,100,86,63,96,90,89,93,94,88,,88.77777778,0,0,1,1,0,0,0,0,1,0
ba15266164841b505d1d1ae06d5932e085308ec2,100,96,83,100,100,96,94,60,70,,88.77777778,0,0,0,0,0,0,0,1,2,0
38da134c1fae87f8777176da8840445f10def983,100,99,100,94,102,100,100,60,70,,91.66666667,0,0,0,0,0,0,0,0,0,0
58247ed7f5f7ef58de87e5c75e111bb8c1319e5f,100,99.5,99,100,96,100,94,100,70,,95.38888889,0,0,0,0,0,0,0,0,0,0
61462cc7f58a084c8e51fbd9ba9623cd545132ad,100,90,82.5,99,98,98,95,98,70,,92.27777778,0,0,0,0,0,0,0,2,0,0
4e6375572baa7b596e96b115bbff4f03ff44ed9a,100,98,98,100,92,96,100,100,100,,98.22222222,0,0,0,0,0,0,0,1,0,1
e5cdcd71dda149bde72346d66d3caf28024f99ea,100,96,100,98,96,100,100,98,98,,98.44444444,0,0,0,0,0,0,0,0,0,0
4d3e16e24096cd5e30e393ecb9f049662806f603,100,82,70.5,71,77.2,72,62,81,62.7812,,75.3868,0,0,0,0,1,0,1,1,1,0
c4655f02078e14a8504b692a8f7f62e3571ff38f,100,100,96,96,92,100,96,87,70,,93,0,0,0,0,0,0,0,0,0,0
084446117d0ab708d724abbe76e58340d13dc899,98,98,100,100,94,97,98,57,70,,90.22222222,0,0,0,0,0,0,0,2,2,0
d63d4cb3004981a57f0f8aa89708bb414a06f23e,100,96,85,95,100,100,100,92,98,,96.22222222,0,0,0,0,0,0,0,0,1,0
ebc37c14dc0482e6748865ab0d58358e89be63a2,100,95,98,80,100,98,93,96,70,,92.22222222,0,0,0,0,1,0,0,1,0,0
bce6c9a25c13892e6af4da6592b09ab5a90e5515,100,96,100,100,98,100,99,100,98,,99,0,0,0,0,0,0,0,0,0,0
43ddbe9de85fe609a1ecc56a76dbcddb0f52d8c1,100,92,90,100,100,100,89,96,70,,93,0,0,0,0,0,0,0,0,0,0
6bb42c027ec626db7c9c78943666e00a0846903a,100,88,95,98,97,100,97,98,70,,93.66666667,0,0,0,0,0,0,0,0,0,0
8b6cb46c93fc50f8b057bfafe9cee7e1758aacd1,100,100,99,102,102,96,100,60,70,,92.11111111,0,0,0,0,0,0,0,0,0,0
11a155325f353f226a2e2f1ac11eb3aa5351b146,98,85.5,98,85.5,98,100,82,92,70,,89.88888889,0,0,0,0,1,0,0,2,0,0
c1628523a89e117f0d7a76d14a1620df270e8677,100,98,99,97,96,94,75,79.5,0,,82.05555556,0,0,0,0,0,0,0,1,2,0
b4821e2a765f1e58c10bfb4aa61c636dd21fae1a,100,66.5,94,65.5,96,100,92,16,70,,77.77777778,0,0,0,0,0,0,0,2,1,0
b4821e2a765f1e58c10bfb4aa61c636dd21fae1a,100,66.5,94,65.5,96,100,92,16,70,,77.77777778,0,0,0,0,0,0,0,2,1,0
c42a26e12767fd486062cdf3ac84420acbc71766,100,86,97,100,102,100,100,96,98,,97.66666667,0,0,0,0,0,0,0,0,0,0
42fe0cd21665026551f4802887b10b11b48e883a,100,100,100,100,99.2,100,100,100,70,,96.57777778,0,0,0,0,1,0,0,2,0,0
bcecca23914ff5e3b78d6f043dac4e641bf1592e,100,81,98,65.5,100,91,28,55,48.6562,,74.12846667,6,0,1,0,0,0,1,8,0,0
ff126a7ee3f7c8a16ba56d69ae9ae61028597309,100,94,96,96,98,97,81,98,70,,92.22222222,0,0,0,0,1,0,1,2,0,0
8234cafa4dcd18c5bee3c95c4e76811026ea6a53,100,84,98,100,98,100,89,93,86.8438,,94.31597778,0,0,0,0,1,0,0,1,0,0
1390c5e2235f7bf89d0e6af7570654c3fa81a50e,100,75.5,91,36,98,92,38,40.5,70,,71.22222222,0,0,0,0,38,0,0,0,0,0
39d054a15ed725d77edf691e802c5b3222f42c9f,98,94,96,67.5,100,96,75,100,97,,91.5,9,0,0,0,10,0,0,1,0,0
5a88a68dbd6e3787f79323650ab8bc39cd043192,100,93,89,90,78.8,95,75,100,70,,87.86666667,0,0,0,0,0,0,0,2,0,0
0106f488719b5b6dec8020fdf6c9e2e6d2059227,100,95,97,97.5,98,98,96,93,70,,93.83333333,0,0,0,0,0,0,0,0,0,0
9896989b45c42b1ac66b11763e914661966205d9,100,95,93,100,100,100,94,98,100,,97.77777778,0,0,0,0,0,0,0,0,0,0
b73f677e519a4bf4d446832eb58b3f0a04112b43,100,50,87,97,96,96,96,104,70,,88.44444444,0,0,1,0,0,0,0,0,2,0
260bb5e515632f23d4a975dca9caff206e84bb87,100,97,98,98,98,100,84,96,96,,96.33333333,1,0,0,0,0,0,0,1,0,0
e1d16243d685d6f154eb089648fc32c3e17a4386,100,87.5,85,64,98,94,73,93,45.1938,,82.1882,0,0,1,0,0,1,1,1,1,0
15a781a47074cd944066e0eae974606082fc9788,98,89,92,100,97.2,100,98,100,96.25,,96.71666667,0,0,0,0,0,0,0,2,0,0
9c24a65c462341379b6429283ac93737801f9389,100,86,99,93,100,100,98,100,100,,97.33333333,0,0,0,0,0,0,0,2,0,0
4d304d0fc8d7287703d7e1350a77470f66984e3a,100,83,92,95,100,82,91,100,100,,93.66666667,0,0,0,0,0,0,0,2,0,0
c7daed73009c0d31a410be0d1212d298cf9b7f92,100,98,100,97,95.2,100,98,98,70,,95.13333333,1,0,0,0,0,2,1,1,0,0
8e98209674dd7406aa3526a9bd39a7c884c22e15,100,81,98,0,0,91,16,100,70,,61.77777778,0,0,1,0,0,0,0,3,0,0
a89caf8c7abe4da1a5f1ff069ce7e210c9a54df4,100,32,0,27,0,0,0,0,0,,17.66666667,0,0,2,2,0,0,0,0,0,0
91c12a36efaa95f40df93c9135741ad002737546,100,98,100,92,97,100,95,94,98,,97.11111111,0,0,0,0,1,0,0,1,0,0
20c9374598da999068e755c6651799d960f81954,100,100,100,98,100,98,98,100,100,,99.33333333,0,0,0,0,0,0,0,0,0,0
a301279665527c8fa4add8ad5a7d04c50fc2ea12,100,97,96,100,98,94,100,96,70,,94.55555556,0,0,0,0,0,0,0,2,0,0
b99245183799dac29608c895bd5481a4f83d71d6,100,96,95,100,100,100,100,96,70,,95.22222222,0,0,1,0,0,0,0,2,0,0
139c29eaf2bf6ea4e53e4a9f895ad1199b063548,100,94,93.5,100,96,95,82,100,98,,95.38888889,0,0,0,0,0,0,0,1,0,0
277a52b85746c8b6ed956104bcc81523056b5633,94,90,82,97.5,100,100,95,96,70,,91.61111111,0,0,0,0,0,0,0,1,0,0
38a2e1976989130b93cd07a1336fb4a7f6d78ccd,100,102,99,98,102,100,93,60,70,,91.55555556,0,0,0,0,2,0,0,2,1,0
736f3aaa60c9d0eaab53014dd997f5c90600091f,100,95.5,88.5,97.5,81,94,97,100,70,,91.5,0,0,0,0,0,0,0,2,0,1
31581b9b01d2fa566b8c69efc227c6bd676e574e,90,94,99,100,94,100,91,92,68.1406,,92.01562222,0,0,0,0,0,0,0,0,0,0
ad32cd8b3114fa67f291bfe5cac9bd96401fdb0d,100,81,76,100,100,100,100,97,100,,94.88888889,0,0,0,0,0,0,0,2,0,0
16d9298309705bb8ce82f1f11aa45a893548b88a,98,96,84,98,98,100,95,98,88,,95,0,0,0,0,0,0,0,1,0,0
36705719323335eb34505b09f49cefde478d0252,100,94,98,98,100,100,97,100,70,,95.22222222,0,0,0,0,0,0,0,1,0,1
feed1621d6e46f3100522dadfbb9ecec17fe8ba4,98,68,94,96,97,100,99,100,70,,91.33333333,0,0,0,0,0,0,0,0,0,1
f904cf4af455a40289408485efcc117e1a9b60ad,100,96,97,100,95,100,85,99,0,,85.77777778,0,0,0,0,0,0,0,2,1,0
8982c55fca7a590586986a5acd7817979b1c7bb6,100,78,93.5,92,0,0,0,0,0,,40.38888889,0,0,0,0,0,0,0,0,0,0
9b6c40db29604939621b861681b84e5cca9d1938,100,96,98,98,100,100,95,60,70,,90.77777778,0,0,0,0,0,0,0,2,2,0
1617cb7fffc171ccfb7a8a377fb8ed9188bebe0d,98,97.5,85,98,98,96,99,100,100,,96.83333333,0,0,0,0,0,0,2,2,0,0