student_id,jadud_hw_03,jadud_hw_04,jadud_hw_05,jadud_hw_06,jadud_hw_07,jadud_hw_08
008a13042777e1aaca446a68fbc5b3877e6ed232,0.17272727272727273,0.0,0.0,0.008869179600886918,0.0,0.0
0106f488719b5b6dec8020fdf6c9e2e6d2059227,0.07142857142857142,0.8041958041958043,0.0,0.02334152334152334,0.0,0.06666666666666667
025e11c5a647be6af45e5040241901ecd65080f3,0.0,0.0,0.0,0.0,0.022846263683960023,0.18518518518518517
03ca17c101841d13b549bea0ce51f4e0fe320d0c,0.0,0.0,0.0,0.03773584905660377,0.0,0.03827751196172249
04810dc49618a521e56f3207dc85b34ec4e67375,0.05194805194805195,0.12121212121212122,0.0,0.05865102639296188,0.0,0.0
04ddc6d8c8a0d19b0bbecc287f15f39b8c9d0795,0.26545454545454544,0.25,0.1994134897360704,0.05222437137330754,0.025078369905956112,0.02564102564102564
084446117d0ab708d724abbe76e58340d13dc899,0.0,0.0,0.0,0.0,0.0,0.0
0b2b215d3895dc070ff308ca5d5733bb0abda40f,0.5082644628099172,0.34545454545454546,0.04040404040404041,0.08225108225108226,0.02346041055718475,0.1383399209486166
0c2eedb86a7888c7defd056d073fc040a338eec3,0.2231404958677686,0.0,0.0,0.1419068736141907,0.2892561983471074,0.09090909090909091
0c51503c95c50eeaf97615b29561f75e0d6d60c3,0.11188811188811189,0.0,0.1490909090909091,0.027417027417027416,0.27012987012987016,0.038461538461538464
0ca06f2f6d203a8c20ee3d33c95ce3a1c9550356,0.09090909090909091,0.0,0.0,0.0,0.06611570247933884,0.030303030303030304
0cec4107a713477189bb82d9d34b81190cb1201b,0.05555555555555555,0.3636363636363636,0.0,0.0,0.1090909090909091,0.0625
0de822bddc1dd72a3230320f51b10b9f7a509869,0.2159090909090909,0.06611570247933884,0.125,0.5292207792207791,0.0,0.0
0e5e2419246434693bfda4a7c0c42bf8f6a75339,0.0,0.14545454545454545,0.0,0.017272727272727273,0.0,0.0
0e874cd0ec2bac9c0fde37da1d71d9f9c0456023,0.297979797979798,0.04040404040404041,0.03571428571428571,0.08193041526374861,0.07917888563049853,0.22243713733075438
0ebaaad003868565710d1724cb582f41ed3aa598,0.1111111111111111,0.18181818181818182,0.09090909090909091,0.0,0.16666666666666666,0.0944055944055944
0f88be4b4d0a31605c539532fce08ed600190170,0.18560606060606058,0.08080808080808081,0.027972027972027972,0.024691358024691357,0.09523809523809523,0.0274442538593482
0fc86b6a1afaad8cc203fac7e27c55097c310937,0.34848484848484845,0.24675324675324675,0.03463203463203463,0.0,0.0,0.1850649350649351
107e619e6f2a5a39e729d6ffaa91b43d2be99edf,0.3863636363636364,0.375,0.03571428571428571,0.021645021645021648,0.17132867132867136,0.034482758620689655
11a155325f353f226a2e2f1ac11eb3aa5351b146,0.1322314049586777,0.0,0.0,0.009445100354191263,0.0,0.043478260869565216
1390c5e2235f7bf89d0e6af7570654c3fa81a50e,0.48128342245989303,0.5606060606060607,0.4522144522144522,0.22793148880105402,0.5909090909090909,0.4781144781144781
139c29eaf2bf6ea4e53e4a9f895ad1199b063548,0.2873900293255132,0.0,0.08333333333333333,0.04356060606060606,0.15810276679841898,0.07575757575757576
15a781a47074cd944066e0eae974606082fc9788,0.0,0.0,0.0,0.0,0.0,0.048484848484848485
15b943b08735673bf26c83a3211e0dcdbe4014e0,0.12215909090909091,0.0,0.2699724517906336,0.19251336898395718,0.15909090909090912,0.2525252525252525
15c790d885b3c3fbf73e766b09fe14cb31b34d63,0.09090909090909091,0.2857142857142857,0.047619047619047616,0.024390243902439025,0.07692307692307693,0.19480519480519481
1617cb7fffc171ccfb7a8a377fb8ed9188bebe0d,0.058823529411764705,0.0,0.0,0.0,0.0,0.022727272727272728
1655907b46332e9bf59fd3792dffea88f661da4d,0.554112554112554,0.0,0.03827751196172249,0.02334152334152334,0.15987460815047022,0.13636363636363638
1697b3ab314a9d0523a560fb62094ecc8b34c55f,0.07142857142857142,0.3333333333333333,0.0,0.06342494714587739,0.13257575757575757,0.14832535885167464
16d9298309705bb8ce82f1f11aa45a893548b88a,0.48636363636363633,0.2892561983471074,0.0,0.043369474562135114,0.08225108225108226,0.27651515151515155
16f05fc1b167b79d431c60e7690dbf8f42a6490b,0.2727272727272727,0.0,0.0,,0.2878787878787879,0.14545454545454545
1933eef337e0dad01d6f7dadc966c42abda9d7a5,0.2181818181818182,0.0,0.46646795827123694,0.01334445371142619,0.0,0.07792207792207793
198314c2ae4294f0607d2c85c1e50817f69c6613,0.0,0.0,0.0,0.0,0.0,0.09090909090909091
199166168078f1058210fb1ed2f424a0fd37b7cf,0.18716577540106952,0.08080808080808081,0.12987012987012989,0.010540184453227932,0.0,0.0
19a941d7bba8f42a286f5249358a6e49d06101cc,0.2545454545454546,0.5,0.03773584905660377,0.08636363636363638,0.030303030303030304,0.33838383838383834
1a676b4c17bf88842f0bb342f6a115f5bf3abba9,0.030303030303030304,0.0,0.0,0.0,0.0,0.0
1ad9edc00d9ebb99dd584bc7702d51428456e6db,0.5127272727272727,0.4444444444444444,0.09696969696969697,0.026446280991735537,0.08556149732620322,0.17171717171717174
1b36a93c5733420b1086dbf81bc1e2af6678e411,0.0,,,,,
1daf3808a0069a2ee28993bb7b4358f05d35d5d4,0.06666666666666667,0.25,0.09363091997822535,0.1802773497688752,0.3,0.03162055335968379
1f6649cfa736c67eb2271da4a3afea2c55db34e6,0.7727272727272726,,,,,
20c9374598da999068e755c6651799d960f81954,0.05263157894736842,0.0,0.0,0.011235955056179775,0.13920454545454547,0.18560606060606064
20ece659e4a299b8be3c7d42aadc6edbdf358d08,0.03827751196172249,0.0,0.0,0.0,0.0,0.025078369905956112
21dab4c1463f923623b244ac4c19f58c41bc46bc,0.0,0.07142857142857142,0.0,0.0,0.0,0.034545454545454546
223e47f9cba0cfb0c1fd36160189bdcdd5fb3ae0,0.0,0.0,0.0,0.01639344262295082,0.0,0.07523510971786833
24d8a641417c3d9b096f69b4afc2f647c5dc1265,0.14049586776859505,0.0,0.10489510489510491,0.04285714285714286,0.09595959595959597,0.40752351097178685
250f90922642dce6892783fe11a3cbaf5e917cb1,0.0,0.17272727272727273,0.0,0.008403361344537815,0.0,0.0
25fe012692240da59936ab2cd702848f6ab41d7f,0.15702479338842976,0.24242424242424243,0.0,0.010540184453227932,0.0,0.1064935064935065
260bb5e515632f23d4a975dca9caff206e84bb87,0.04278074866310161,0.06324110671936758,0.17391304347826086,0.07226107226107227,0.41626794258373206,0.03225806451612903
26455cd1ecb5229a5e1d69f5c4c845da30ed54c9,0.19008264462809918,0.0,0.0,0.0,0.0,0.0
270e0b07846ed7becbdb27ff75dffe53de21d3e0,0.2687747035573123,0.0,0.045454545454545456,0.041404140414041404,0.304812834224599,0.0
277a52b85746c8b6ed956104bcc81523056b5633,0.0,0.2,0.0,0.023255813953488372,0.0,0.0
27f00efeac6eafc4281f76529fd10d11c1827f52,0.5,,,,,
2892d3dbc857f6742361415ebd37d0dde3eeb077,0.12121212121212123,0.2231404958677686,0.05194805194805195,0.13947696139476964,0.0,0.16590909090909095
2ac9c3d2e2b75c154ab4ea8cc2bad9087497e779,0.11688311688311688,0.0,0.0,0.0,0.0,0.0
2adc3e45fc704d8286cf0b39376b823871ed8484,0.0,0.0,0.09090909090909091,0.0,0.0,0.03571428571428571
2c22b20e671dbf5ab6f9c84da21690f72cbed8ef,0.4444444444444444,0.3068181818181818,0.1534090909090909,0.04668304668304668,0.0,0.055944055944055944
2c590c72ae298d0eb8d06d1eec09a191fb0dd949,0.0,0.48484848484848486,0.0,0.018867924528301886,0.19617224880382778,0.05956112852664577
2d1e7e329d49709107b3cc3a54e79ecd10734d88,0.0,0.0,0.26262626262626265,0.014705882352941176,0.0,0.0
2d7848bb411c2d1dfe75ddd2c095195b42110776,0.0,0.0,0.0,0.0,0.0,0.0
2d8ae2ab222603a73f98853020208a89c7cef84d,0.024242424242424242,0.0,0.0,0.0,0.14285714285714285,0.0
2e26f875a0ef7b1f5682286d9dd0543997d7c42c,0.24675324675324675,0.07272727272727272,0.10101010101010101,0.0,0.0,0.038461538461538464
2e5d899ce757dacb028d693fd162f019e1d137b9,0.2231404958677686,0.011188811188811189,0.07142857142857142,,0.0,0.0
2fcd57e994ce4e99ea705980aa0f47d3307e3ab7,0.2,0.0,0.0,0.0136986301369863,0.0,0.030303030303030304
3041a53686abd2d37493352be2b24a14c40071a8,0.0,0.0,0.0,0.0,0.0,0.0
3064ded73b27ebf4e4be83f9940854d520b6d6a9,0.0,,,,,
31581b9b01d2fa566b8c69efc227c6bd676e574e,0.0,0.0,0.0,0.0,0.17676767676767677,0.07655502392344497
343ccf52c9595fbe9cbe44606f9d7903307e24a3,0.0,0.0,0.0,0.0,0.0,0.0
347d33b6e5785dc56109485ce720e361d0a4a675,0.1322314049586777,0.0,0.0,0.05,0.11515151515151516,0.15360501567398122
34be5a53134a4e68dae61bf2fac1ba4c91030569,0.3822843822843823,0.16746411483253587,0.09090909090909091,0.04592314901593253,0.12215909090909091,0.21590909090909088
36705719323335eb34505b09f49cefde478d0252,0.0,0.0,0.0,0.0,0.0,0.04040404040404041
36e1da1b027e8da8c46ffbb07b0a8d1e7d197a86,0.16042780748663102,0.14393939393939395,0.047619047619047616,0.046875,0.0,0.1875
3822f5f3419d90d1d6abd392e34252539867b977,0.23444976076555027,0.1,0.0,0.03140495867768595,0.23295454545454547,0.05387205387205388
38a2e1976989130b93cd07a1336fb4a7f6d78ccd,0.7320574162679424,0.28787878787878785,0.058823529411764705,0.03636363636363637,0.17272727272727273,0.15151515151515152
38da134c1fae87f8777176da8840445f10def983,0.0,0.1,0.0,0.07233626588465299,0.06060606060606061,0.05708245243128964
3932b8c4b8eceb9304e1273203288b7344a72e1c,0.2377622377622378,0.14285714285714285,0.1446280991735537,0.0,0.0,0.029411764705882353
39d054a15ed725d77edf691e802c5b3222f42c9f,0.21103896103896105,0.2159090909090909,0.0,0.02878787878787879,0.0,0.03162055335968379
39f90f24f85a2f93c9d839d03aba91f924f421b8,0.8311688311688312,,,,,
3d5924dc0067c7236dc1c9317ce16d9c52cd3c14,0.23701298701298706,0.26623376623376627,0.03125,0.028787878787878793,0.13333333333333333,0.1974025974025974
3e11348b68914f93fc74cde47fbcf05cc4b2867d,0.0,0.0,0.0,0.0,0.0,0.0
3e153ba5e93176a5402d30722e402771b771bf55,0.0,0.34545454545454546,0.0,0.0073461891643709825,0.0,0.2085561497326203
406d5a7eb8631d2290294c40711318b956ed54fd,0.0,0.0,0.06397306397306397,0.0,0.0,0.022727272727272728
409cbf4bc16c594da820d29c743f14a10e7919f1,0.06611570247933884,0.0,0.048484848484848485,0.01639344262295082,0.0,0.02203856749311295
4128c27a816942a5871946e8691a7183b59429a9,0.14393939393939395,0.09696969696969697,0.05757575757575758,0.026434558349451968,0.12,0.13920454545454547
42fe0cd21665026551f4802887b10b11b48e883a,0.16205533596837945,0.2159090909090909,0.0,0.0,0.0,0.07177033492822966
432d6f1cb419a77afaef67325d541f506d80cec7,0.0,0.0,0.0,0.02106430155210643,0.0,0.0
43ddbe9de85fe609a1ecc56a76dbcddb0f52d8c1,0.20979020979020982,0.0,0.0,0.012195121951219513,0.045454545454545456,0.07038123167155425
444500e9b1f9ba58a2d0653d8ccdb0cf46debca7,0.05,0.0,0.0,0.017241379310344827,0.0,0.0
4542f79f46c1e57daf32196b082986d08d6addda,0.11538461538461539,0.0,0.0,0.0,0.0,0.03827751196172249
469ce5ae9862c2ae31c75a1404a8b03af40db5ba,0.05,0.1111111111111111,0.06666666666666667,0.006111535523300229,0.045454545454545456,0.0987012987012987
4a181b8a0daafd8c1c8b971d48fb20139cc2e58e,0.23272727272727273,0.20979020979020982,0.806272330289797,0.03324287652645862,0.14805194805194805,0.2012987012987013
4b1bdce4f691e61e6694450ed8852dd984473389,0.24675324675324675,0.1038961038961039,0.0,0.03636363636363636,0.3333333333333333,
4b8cafbb2f0acbe010290da14340378e9c684d75,0.08463949843260188,0.20979020979020982,0.11515151515151516,0.09090909090909091,0.055944055944055944,0.05956112852664577
4bd4ddb37919a922702876e6b4117164cebbd9c3,0.0,,,,,
4be2bd63e16a633b451b15c7c4721b46d35da827,0.38811188811188807,0.35064935064935066,0.2813852813852814,0.3981191222570532,0.0,0.43333333333333335
4c0e060545d21fcedf84f937c59a97bbc71a69e3,0.0,0.1038961038961039,0.0,0.011019283746556474,0.0,0.11857707509881424
4c948f488d593c3e166696d2b6f6347110516450,0.18181818181818182,0.2290909090909091,0.1553030303030303,0.059940059940059943,0.13636363636363638,0.38383838383838376
4d304d0fc8d7287703d7e1350a77470f66984e3a,0.09375,0.14285714285714285,0.04,0.0073461891643709825,0.37272727272727274,0.05956112852664577
4d3e16e24096cd5e30e393ecb9f049662806f603,0.11764705882352941,0.0,0.13311688311688313,0.037549407114624504,0.0,0.0
4e6375572baa7b596e96b115bbff4f03ff44ed9a,0.0,0.0,0.03225806451612903,0.0,0.0,0.03225806451612903
4ee624ba618e49234700248189f5f77acf310f5a,0.08080808080808081,0.0,0.0,0.011363636363636364,0.0,0.0
50a9d11d5eaae9d4ded85ab934739b0729868a9b,0.2470862470862471,0.7777777777777778,0.20454545454545456,0.26325757575757575,0.4818181818181818,0.2863636363636364
50fa24df3a840e16ab9aac65494fb39960a78ac3,0.0,0.0,0.0,0.022939677145284623,0.2,0.0
542af3c2f80579d059d762834b7c212e25ee3e33,0.16746411483253587,0.0,0.0,0.007575757575757576,0.07142857142857142,0.2909090909090909
556833fe62464359391055ea2e18e848d48ad897,0.4171122994652406,0.48128342245989303,0.1818181818181818,0.08660570199031736,0.24675324675324675,0.3241852487135506
55c22b2f9d6817c1fe72d44c330abca86d474e26,0.43458980044345885,0.1038961038961039,0.0,0.0,0.0,0.0847107438016529
57ee738221009ddeee88e1636ea1d3cc0e9985c5,0.0,0.0,0.0,0.02909090909090909,0.0,0.14545454545454545
58247ed7f5f7ef58de87e5c75e111bb8c1319e5f,0.0,0.0,0.16,0.08433734939759036,0.0,0.0
585e11bbcd145d378d188bde0220988e63005f64,0.03305785123966942,0.17272727272727273,0.06643356643356643,0.0,0.03305785123966942,0.030303030303030304
5950ad0df7ed21fc66a3af04ed8cb667e6051a02,0.0,0.0,0.04040404040404041,0.011111111111111112,0.0,0.03827751196172249
5a88a68dbd6e3787f79323650ab8bc39cd043192,0.4090909090909091,0.18181818181818182,0.0,0.08127633955448524,0.26262626262626265,0.020833333333333332
5bd06d8ef939a24e4be9a8a295565db039cfb173,0.1534090909090909,0.1111111111111111,0.045454545454545456,0.0,0.1443850267379679,0.10031347962382445
5be9cd1cda5d6b1980de1fd652ef4229e3eb8577,0.15702479338842978,0.16363636363636364,0.0,0.02346041055718475,0.08066581306017927,0.0
5c687dece2a95d9523cd5a32fc08c4818c0997e3,0.4488636363636364,0.2,0.11515151515151516,0.10962566844919787,0.0,0.0
5d62f611d889cb7019dd0fc8cf9ef3b15a83c810,0.02909090909090909,0.0,0.0,0.0,0.0,0.0
5e2ba60bf6ae614bec98f4bde693868ba49a559e,0.0,0.0,0.0,0.04356060606060607,0.08636363636363636,0.164983164983165
5f696a4f439ae9f07efbb9de1a05465fb9a33565,0.18560606060606064,0.24675324675324675,0.0,0.06315789473684211,0.0,0.17045454545454547
6144b2ccc7cad06963c6033a19657dd7e935b237,0.1878787878787879,0.09090909090909091,0.0,,,
61462cc7f58a084c8e51fbd9ba9623cd545132ad,0.037037037037037035,0.19480519480519481,0.0,0.0,0.0,0.05571847507331378
62c9c37ab7a39714cac0dde9affe3bd38751d13a,0.1111111111111111,0.0,0.0,0.0,0.0,0.0
63f4115bbb9423cfd4cbababe99e05ccf5cce205,0.5010570824524312,,,,,
6441d968337ce853fb844b4be2360a7680bd3d3d,0.0,0.2,0.02203856749311295,0.0,0.13636363636363635,0.034545454545454546
6507e9a59c7760b7c7d8d0a3a16ba7eeb9e1ba64,0.1038961038961039,0.0,0.0,0.0073461891643709825,0.11764705882352941,0.0
65fadf52b477dfc365a46cb400d773792dcb3341,0.35729386892177584,0.2857142857142857,0.0,0.0,0.05194805194805195,0.20936639118457304
6605b28f4160ac2ecd5ed4dec5a815d066f309b3,0.0625,0.1,0.05,0.05401844532279315,0.0,0.17272727272727276
6663a4284c794ea4550e61af7191209e73045a86,0.02693602693602694,0.20454545454545456,0.0,0.033216783216783216,0.0,0.045454545454545456
66c9b4c37d28677a10b2259a87fcacfd63dbd9a0,0.20320855614973266,0.18181818181818182,0.0,0.0,0.0,0.06060606060606061
66e8f980b419372422e7a90d1913393cfbc8808a,0.2699724517906336,,,,,
67aaf2c30b90ae3ed9eb57c5c86d88bc439f0930,0.43388429752066116,0.5909090909090909,0.23715415019762848,0.2523191094619666,0.05555555555555555,0.23030303030303031
683d30cf12add9df08c8250cfd9b8153ff0acd3e,0.05397727272727273,0.0,0.13333333333333333,0.06515151515151515,0.0,0.24727272727272726
68b0463b34364f614b76a8a97ac7c98b37916506,0.2878787878787879,0.19480519480519481,0.12396694214876035,0.0,0.041666666666666664,0.0
6923d2c4a9b794f7653cdc3c892b733d71da9af5,0.1890909090909091,0.2878787878787879,0.0,0.027548209366391185,0.0,0.0
69b307789e8a056939d00817344cff7b2c6a801f,0.37987012987012986,0.5259740259740261,0.08,0.03055141579731744,0.30303030303030304,0.07509881422924901
69c72846174d65b49ebdd1cb6a25f0e2781d262c,0.0,0.0,0.0,0.008171603677221655,0.0,0.0
6b36b01b915e6699622925a14d422694d6194be0,0.23295454545454547,0.3333333333333333,0.0,0.018867924528301886,0.0,0.03636363636363636
6bb42c027ec626db7c9c78943666e00a0846903a,0.0,0.0,0.0,0.0,0.0,0.0
6bdc06fda22c35736f923f79caf364818c92242a,0.14285714285714285,0.4318181818181818,0.0,0.03125,0.0,0.0
6c461bf548b9c9d93287748945b41d2251965d93,0.38932806324110664,0.1111111111111111,0.2494172494172494,0.3314393939393939,0.4967532467532468,0.2011363636363636
6ca0204ff8eea819742c218f58750954f2f2268a,0.0,0.0,0.0,0.0,0.0,0.03827751196172249
6d5aaa9492af40790519b44d5062cc519c34f643,0.0,0.0,0.0,0.021739130434782608,0.048484848484848485,0.1446280991735537
6d763f06e966f577fbcdec420126b548c6e079f3,0.0,0.14545454545454545,0.043478260869565216,0.009708737864077669,0.048484848484848485,0.17045454545454547
6db5438b3419df449f02fef8ae541ad4c3e972cf,0.10795454545454546,0.0,0.0,0.007575757575757576,0.08766233766233766,0.06060606060606061
6e187a8a1e51badcb72f58aa711583db4f2d3393,0.3426573426573427,0.0,0.030303030303030304,0.0,0.058823529411764705,0.07095343680709534
6e2f133cfae940ff672310c4ff824c7ef8eddf5b,0.35795454545454547,0.16666666666666666,0.10227272727272728,0.02247191011235955,0.05757575757575758,0.03827751196172249
6e4e0168083716fe8b485ddb5ddc86d02ebaae6f,0.14545454545454545,0.0,0.14393939393939395,0.0,0.048484848484848485,0.0
6fc87d4f53fe81c4bd7a3d4b3c53ac521ba7c6d3,0.1490909090909091,0.35064935064935066,0.0,0.008171603677221655,0.09090909090909091,0.04155844155844156
713c5dddd704f0ddc8f58ea00009c7aba94363f6,0.2375366568914956,0.0,0.15019762845849802,0.01282051282051282,0.03162055335968379,0.0
713df1cac37576e434673406ef25ccefacf3ae42,0.030303030303030304,0.0,0.11188811188811189,0.0,0.0,0.05
71fe42a113dd697e5b2febb2d566d6f80d376d03,0.15019762845849802,0.0,0.03225806451612903,0.01948051948051948,0.0,0.04797979797979798
736f3aaa60c9d0eaab53014dd997f5c90600091f,0.0,0.0,0.0,0.012195121951219513,0.0,0.11483253588516745
737a7201f8108e07db06622a15ebc3a749e50f3e,0.08080808080808081,0.2,0.0,0.06168831168831169,0.0,0.03636363636363636
74a099cc415506833fc2b1b731514bd28ac8098f,0.0,0.2,0.0,0.21590909090909094,0.0,0.07196969696969698
752ac65f19eb98c6987504a1382f382be9b25d76,0.09090909090909093,0.0,0.10227272727272728,0.02775850104094379,0.08636363636363636,0.05555555555555555
76d73dd6aeff425bfefdd46f36c07ab5e12bc561,0.24675324675324675,0.0,0.0,0.0,0.31818181818181823,0.0
76e5bea3c4541fc766a846f0c38cf2039d386777,0.26332288401253917,0.15702479338842976,0.0,0.018890200708382526,0.0,0.1447811447811448
774cf3671ebe5091f067b093a88ad67c0d9c1f93,0.1534090909090909,0.2222222222222222,0.0,0.06993006993006994,0.08225108225108226,0.0
782609f05e6b3ee3cc234474e3e072029fc9a9db,0.0,0.25,0.07196969696969698,0.010309278350515464,0.20574162679425836,0.05757575757575758
7898f7da218b0f5200fb859306a3262df425f955,0.0,0.0,0.037037037037037035,0.04778554778554779,0.0,0.02909090909090909
7a42f9b84fd3650124336c71bb93e1a69d8185ca,0.0,0.0,0.0,0.0,0.0,0.0
7a9afe398c11e435a6d7fd72619249adeb381e2f,0.0,0.0,0.0,0.019230769230769232,0.0,0.07692307692307693
7adfe8a8f2ce49fabe8772d2c7d7deca8749b914,0.07692307692307693,0.14545454545454545,0.0,0.03278688524590164,0.0,0.13920454545454547
7b882877d83362844ed860059e5e2274b5e1aa6a,0.041666666666666664,0.045454545454545456,0.12237762237762237,0.01676963812886143,0.025078369905956112,0.05234159779614325
7c8aacb1a1b8db047ada8a5e719c07f94ba911c0,0.058823529411764705,0.0,0.0,0.013157894736842105,0.058823529411764705,0.0
7d0d034b66e61ddcb7f9c81b42fa9d6c790e2fe1,0.05555555555555555,0.0,0.0,0.011111111111111112,0.0,0.0
7dec407a0a131855a9137b0e04a6cc5b9cb8af66,0.29924242424242425,0.1888111888111888,0.0,0.009205983889528193,0.03636363636363636,0.0
80ef8b175906556768725249bfe6689efaefc880,0.7575757575757576,0.14285714285714285,0.06926406926406926,0.05565862708719852,0.1212121212121212,0.5194805194805195
8104778b1bd1b77512ff9909d781ad3440108d84,0.37121212121212127,0.0,0.38461538461538464,0.1534090909090909,0.5,0.0
81db814e40730e5f149c4c26551a6f86ce1b8e64,0.0,0.08080808080808081,0.0,0.0,0.0,0.0
82090777057e5b8418e4c209a20c2928997d24cb,0.07407407407407407,0.0,0.0,0.0,0.0,0.0
8234cafa4dcd18c5bee3c95c4e76811026ea6a53,0.06926406926406926,0.1,0.0,0.015873015873015872,0.0,0.06909090909090909
833518764076caa037d114455cff8b00883bb085,0.2687747035573123,0.0,0.05,0.009900990099009901,0.13636363636363638,0.12023460410557185
842fbda27b35b29ea68ee1c0c3da3bd2be207210,0.08108108108108109,0.01639344262295082,0.0,0.0,0.038461538461538464,0.027972027972027972
86a8bdb0a8c9676a3c2341b787d4c693856791e1,0.030303030303030304,0.6454545454545455,0.0,0.03260869565217391,0.04278074866310161,0.08636363636363636
8982c55fca7a590586986a5acd7817979b1c7bb6,0.0,,,,,
89daac6f0b6f67287ebfb791365f69bb3fdaf8e7,0.14545454545454545,0.4318181818181819,0.0,0.2222222222222222,0.0,0.13286713286713286
8b25c7b3a77c29e1c3d4b80e6d0d846ad2d491f1,0.05194805194805195,0.0,0.16363636363636364,0.0,0.0,0.0
8b6cb46c93fc50f8b057bfafe9cee7e1758aacd1,0.0,0.0,0.0,0.008359456635318705,0.0,0.0
8c1380e65b8b929a2468b924a87169041cf74873,0.0,0.18181818181818182,0.0,0.0,0.0,0.0
8d6e3a4788b876ced6ef6f77912d1ee181b415fc,0.24431818181818185,0.12337662337662338,0.0,0.029243483788938332,0.14393939393939395,0.10489510489510491
8e98209674dd7406aa3526a9bd39a7c884c22e15,0.0,,0.15702479338842978,0.20779220779220778,0.0,0.04016913319238901
8f44159e06781fa522902f2d7f8f3174706f414e,0.25,0.09090909090909091,0.05263157894736842,0.21688311688311687,0.1436950146627566,0.0
91c12a36efaa95f40df93c9135741ad002737546,0.06666666666666667,0.0,0.0,0.015384615384615385,0.0,0.0
91fbcb21c14a7530f2f3ef869853a53622ed7334,0.12337662337662338,0.5,0.0,0.010101010101010102,0.5333333333333333,0.18181818181818182
938b2ca6524c5956664ef117537fc37a8acbec18,0.0,0.26573426573426573,0.0,0.0,0.0,0.0
93e7a80b207ccc4059daf3a1abba11dfa8c6c23c,0.13818181818181818,0.05555555555555555,0.12272727272727273,0.04895104895104895,0.08695652173913043,0.15
958c9425eca66a75a15a62f0ba018c486934007c,0.11764705882352941,0.0,0.04040404040404041,0.0,0.0,0.0
9626bfcdcbfdda64ce3a31191ceb88c9f8b52978,0.16666666666666666,0.0,0.0,0.07547169811320754,0.0,0.0
96445cce79699a39851a184246b06b24c63497ff,0.08225108225108226,0.0,0.0,0.011188811188811189,0.0,0.0
96eef9f178b631ed0e867941742c25f4b9f65da7,0.17272727272727273,0.18181818181818182,0.05555555555555555,0.05823863636363637,0.1111111111111111,0.10160427807486631
9736fd16bf30e047b764208a284acb5d921d6bc2,0.0,0.0,0.0,0.0,0.0,0.0
986b7ca95742aa90d2aeb25dff1d6a22d497659e,0.2231404958677686,0.625,0.0,0.07503607503607504,0.5541125541125541,0.07575757575757576
9896989b45c42b1ac66b11763e914661966205d9,0.12794612794612797,0.17272727272727273,0.0,0.027892561983471075,0.09595959595959597,0.02857142857142857
99802559e72cbc82cce3a1f791d612faeeb5e9ef,0.29904306220095694,0.0,0.0,0.024096385542168676,0.0,0.125
9b6c40db29604939621b861681b84e5cca9d1938,0.0,0.0,0.0,0.061983471074380174,0.0,0.08333333333333333
9c24a65c462341379b6429283ac93737801f9389,0.0,0.23444976076555027,0.0,0.004632310364794442,0.0,0.029411764705882353
9e9976283823c7044a8ba42785855e9e16dc9134,0.07692307692307693,0.0,0.0,0.03076923076923077,0.0,0.041666666666666664
9f96ba0c0123a5b84d857f849a02a083a2fbba6b,0.0,0.0,0.0,0.0,0.0625,0.0
a0c979eb2ed3dd7ed0809650ab784850de9afadc,0.2272727272727273,0.0,0.125,0.075,0.0,0.06666666666666667
a0cef07197a2d3435d6f57d5e90ea32e0e18d44e,0.2121212121212121,0.1,0.0,0.1310160427807487,0.11483253588516745,0.3701298701298702
a10b795c0a8f5add8833833866721769c75aa371,0.0,0.0,0.0,0.04592314901593253,0.045454545454545456,0.045454545454545456
a2ed97ccae0bb30d89307c34d163ec2761a8eacd,0.5015673981191222,0.24747474747474751,0.09870129870129872,0.12652296157450796,0.05956112852664577,0.22234392113910184
a301279665527c8fa4add8ad5a7d04c50fc2ea12,0.07272727272727272,0.0,0.0,0.0,0.0,0.0
a4e9bd7a39a4a3fa3ba6fa3d9fcc4226d3d63a46,0.0,0.09090909090909091,0.2272727272727273,0.23011363636363635,0.38961038961038963,0.03305785123966942
a89be8df0626f0b9957032dd58fdeab74412a8b5,0.3569023569023569,0.0,0.20084566596194503,0.04220779220779221,0.24147727272727273,0.2231404958677686
a89caf8c7abe4da1a5f1ff069ce7e210c9a54df4,0.19191919191919193,,,,,
a96f6211648f9ecbd94850e4271c8cfe29f7ddfb,0.15702479338842978,0.2878787878787879,0.0,0.02,0.27272727272727276,0.07851239669421488
ac39e2fbeae46c23551eb54e9ffe6735af6ebbac,0.1272727272727273,0.5,0.027972027972027972,0.03324287652645862,0.03827751196172249,0.09647495361781076
ad32cd8b3114fa67f291bfe5cac9bd96401fdb0d,0.06060606060606061,0.0,0.0,0.03314393939393939,0.043478260869565216,0.04935064935064935
ade33521e7d76a3811bb51f5b3a319d05e6e6ef7,0.5619834710743802,,,,,
af8848d505a376b4e59386d65856ccdd1ddf1afd,0.0,0.03463203463203463,0.0,0.0,0.0,0.03125
b0562a7e84830696ceb1f739f48ce79230064a56,0.13903743315508021,0.2222222222222222,0.0,0.019955654101995565,0.09523809523809523,0.0
b153914f2e02d75d24451557bd564a3fac4473ae,0.16205533596837945,0.15702479338842976,0.15,0.10151515151515153,0.5,0.25
b39d544b1afbe0322c1ceb413137cd994e42fd7c,0.06926406926406926,0.0,0.07142857142857142,0.0,0.0,0.0
b4821e2a765f1e58c10bfb4aa61c636dd21fae1a,0.18181818181818182,0.3636363636363636,0.07142857142857142,0.05113636363636364,0.0,0.04
b5cd0e6c19a855f779db1522e8aae08c8e5bef43,0.08888888888888889,0.24675324675324675,0.0,0.03125,0.0,0.0
b5e0812e60445d3fe7535f892e0b7735479b52fc,0.13636363636363635,0.09090909090909091,0.0,0.0,0.0,0.02909090909090909
b6ebdf3e5f0e4bbfda909dac06134289016c7359,0.0,0.0,0.0,0.019955654101995565,0.22009569377990434,0.05555555555555555
b736d508e99ced70c414fb27044a0f8eef9cf0fc,0.2767676767676767,0.0,0.17272727272727276,0.005347593582887701,0.045454545454545456,0.0
b73f677e519a4bf4d446832eb58b3f0a04112b43,0.27705627705627706,0.0,0.5383890720678292,0.049000644745325596,0.0,0.0
b86d77222bb623cd350b6ffd4406591ce46dbbac,0.49350649350649356,0.0,0.0,0.02693602693602694,0.4090909090909091,0.08225108225108226
b8dd4bb13b8b9d3dacaf062bc30800dbdccecf4b,0.08463949843260188,0.0,0.022727272727272728,0.007992007992007992,0.17132867132867136,0.0
b99245183799dac29608c895bd5481a4f83d71d6,0.3009404388714733,0.0,0.10671936758893281,0.07575757575757576,0.2727272727272727,0.07509881422924901
b9c2d0d2342a353dad6ddd8bb452466719b8f726,0.0625,0.0,0.0,0.05011655011655012,0.4,0.045454545454545456
ba15266164841b505d1d1ae06d5932e085308ec2,0.0,0.12121212121212122,0.0,0.0,0.0,0.034482758620689655
ba3b42be44a09ab0db64b811784be57512ecf985,0.048484848484848485,0.125,0.07142857142857142,0.04403409090909091,0.0,0.0967741935483871
ba5871e0c8d519c35c818eb8cee94c7f49e7eaa4,0.1111111111111111,0.0,0.0,0.0,0.0,0.04040404040404041
bce6c9a25c13892e6af4da6592b09ab5a90e5515,0.06666666666666667,0.2727272727272727,0.0,0.0,0.10526315789473684,0.045454545454545456
bcecca23914ff5e3b78d6f043dac4e641bf1592e,0.2,0.4,0.26262626262626265,0.16985645933014357,0.0,0.0
c061d1f68b6b074424d6fdebae21d15b25686750,0.2857142857142857,,,,,
c090aea6396949a3e236f180d10c0a6d2c0830c2,0.07272727272727272,0.07272727272727272,0.0,0.016913319238900635,0.08080808080808081,0.055944055944055944
c0c9189b7b9396f01b6da23677de6c1f2ca8bba7,0.10160427807486631,0.0,0.0,0.0,0.0,0.041666666666666664
c1628523a89e117f0d7a76d14a1620df270e8677,0.27272727272727276,0.18181818181818182,0.027777777777777776,0.010540184453227932,0.048484848484848485,
c1c1f0a1fe3eee55891c2f5d9a921e0c0d7e1005,0.10227272727272728,0.15584415584415584,0.0,0.01020408163265306,0.09523809523809523,0.05956112852664577
c2602bcc459c63ef5986cba9d78253119f74c567,0.0,0.0,0.0,0.025,0.0,0.0
c2a32a9dd1f7c70f0249589f590c01385948a7b4,0.14393939393939395,0.14393939393939395,0.07272727272727272,0.08425720620842574,0.09740259740259741,0.0625
c3fc16e36541476612e0bb0f315be56cc89f2256,0.32085561497326204,0.0,0.034482758620689655,0.017857142857142856,0.14393939393939395,0.22838137472283812
c42a26e12767fd486062cdf3ac84420acbc71766,0.0,0.14393939393939395,0.0,0.0,0.0,0.0
c4655f02078e14a8504b692a8f7f62e3571ff38f,0.05194805194805195,0.0,0.0,0.015151515151515152,0.043478260869565216,0.0
c59765dbf72a19a26a730a0dee227a097a1abbca,0.23863636363636365,0.19191919191919193,0.0,0.027777777777777776,,
c7aadf4912f25ac6317e98926d87a85c772adc2d,0.18181818181818182,0.03225806451612903,0.05194805194805195,0.16205533596837945,0.0,0.1038961038961039
c7daed73009c0d31a410be0d1212d298cf9b7f92,0.0,0.06926406926406926,0.0,0.07142857142857142,0.0,0.0
c8644b4cd562816bcc1a3c5dd236ec0d1a178ee1,0.42424242424242425,0.20979020979020982,0.11730205278592376,0.05337243401759531,0.1850649350649351,0.0481283422459893
caf15d25f4ffc5852c73026246492a2fa5a850e2,0.0,0.0,0.0,0.0,0.0,0.025974025974025976
ccc40dc59deb20f9d2aa162f32a897042c6ff8a1,0.2607655502392344,0.0,0.09318181818181819,0.0,0.0,0.12121212121212122
ce42cdf26990c18f000612e72044b1c5ec54213f,0.20909090909090908,0.3333333333333333,0.06324110671936758,0.017524644030668127,0.0,0.09090909090909091
ce441af47af87f111d102b2233f3d9a5072e1add,0.11363636363636365,0.0,0.0,0.011019283746556474,0.0,0.030303030303030304
d095c107bc365afe22ee3154484d4eb12440aa56,0.11688311688311688,0.0,0.02693602693602694,0.0,0.0,0.09818181818181819
d148af6f7dbcd9232375295c6a1cd1b08e885dd5,0.25,0.07272727272727272,0.0,0.0,0.3977272727272727,0.14545454545454545
d22db1196fa0ac6d2dcc909f62b7cc18b7780057,0.16300940438871475,0.42045454545454547,0.0,0.08068181818181819,0.06397306397306397,0.020202020202020204
d3a589e84b30e55239a8008d6282b647a1e62e92,0.0,0.0,0.0,0.0,0.0,0.0
d4389a01a42868ac533884b4b8b94af7a65121a6,0.2617079889807163,0.32363636363636367,0.07371007371007372,0.041396103896103896,0.07851239669421488,0.20502901353965183
d5cc740e95c44f2dbaeae9e413a3837747409278,0.41735537190082644,0.048484848484848485,0.05714285714285714,0.01857282502443793,0.05194805194805195,0.10389610389610389
d63d4cb3004981a57f0f8aa89708bb414a06f23e,0.4610389610389611,0.0,0.0,0.02531645569620253,0.0,0.08636363636363636
d66d29ea031cc5b849475d74a16fba15e284c0b1,0.09090909090909091,0.0,0.0,0.12852664576802508,0.07272727272727272,0.0
d6dc01b3eb6b54a9638fd12260fb20e169d5da66,0.2272727272727273,0.20979020979020982,0.0,0.0,0.0,0.055944055944055944
d6e9814a3868b71061aca4eae8273d857b125994,0.0,0.4060606060606061,0.0,0.04865556978233035,0.0,0.08225108225108226
d7e4aad81a2fc6223695a9c7081657d7dd2e43f6,0.11730205278592376,0.11515151515151516,0.22144522144522144,0.05433028509951588,0.0,0.15019762845849804
d855caf029466d356572dd2ba8ccdebee0e2227e,0.1884297520661157,0.07692307692307693,0.0909090909090909,0.035016835016835016,0.0,0.11272727272727273
d9b3baf435d965814c522937027386a1189b3e8a,0.04668304668304668,0.0,0.0,0.011235955056179775,0.28956228956228963,0.10199556541019955
dadba0a4bc6afcbfc73b34c2aceff30b037b8901,0.0,,,,,
dbb408c67891886f49ae26493267e9a783688783,0.0,0.0,0.030303030303030304,0.03208556149732621,0.0,0.016913319238900635
dcab3e620c9948eb5e4c97ce51d2d1c15f305ea7,0.13479623824451412,0.0,0.0,0.007751937984496124,0.0,0.06628787878787878
dd20af6b99a464700a9fd8bf822fdfc87349b86e,0.0,0.0,0.0,0.0,0.0,0.0
de33cbea046c82f21788506f3ed0fa57fa2d7234,0.5041322314049587,0.0,0.03827751196172249,0.057851239669421496,0.0743801652892562,0.11416490486257928
de363e10e402f868d57db34f57576b700edc7c2b,0.125,0.3181818181818182,0.07692307692307693,0.0,0.0625,0.02909090909090909
dec8062b7eab8a96c95b9d4fedbd62dce2e25925,0.2072727272727273,0.045454545454545456,0.08333333333333333,0.026673924877517696,0.04318181818181818,0.0733652312599681
e0d84997d15e10bdfe98baff903bde2d78d26773,0.48128342245989314,0.5,0.0,0.18181818181818182,0.31818181818181823,0.26262626262626265
e136194611ec53c12b1a683367697ae6bbbc25a9,0.0,0.1038961038961039,0.0,0.016129032258064516,0.07272727272727272,0.07670454545454546
e1b5834a6e396f55d9255e1f9f33f66d3a4b6a0f,0.1447811447811448,0.0,0.09090909090909091,0.0,0.07692307692307693,0.1115702479338843
e1d16243d685d6f154eb089648fc32c3e17a4386,0.13286713286713286,0.3333333333333333,0.0,0.0,0.0,0.15702479338842976
e2b0a9571c6fef418621bf040dca3da8c5362a21,0.0,0.12121212121212122,0.0,0.014492753623188406,0.07272727272727272,0.11784511784511784
e3f6726c87109c172bf57544bda8ab40e32822be,0.24,0.2857142857142857,0.0,0.09838107098381071,0.1490909090909091,0.07196969696969698
e5cdcd71dda149bde72346d66d3caf28024f99ea,0.0,0.19191919191919193,0.0,0.05,0.0,0.0
e761b3497fcd3266080b6cfa1e7ec2eeda61b25e,0.24621212121212124,0.12121212121212122,0.09090909090909091,0.0,0.0,0.17272727272727273
e96d3fb323ad61d729908a2127e163ff6dda2443,0.2459893048128342,0.7045454545454546,0.0,0.07327001356852103,0.09090909090909091,0.08225108225108226
ea75f49943d3ecd813163f096f0f21ccbd4ef8c9,0.18181818181818182,0.13636363636363635,0.0,0.0,0.0,0.18181818181818185
ebc37c14dc0482e6748865ab0d58358e89be63a2,0.19960474308300394,0.0,0.0,0.05886736214605067,0.13043478260869565,0.04212860310421286
ec1f4b6abfb302c4fb6d6d8e0d98134f7da23aa9,0.5727272727272728,0.39572192513368987,0.2202797202797203,0.11143695014662758,0.2760942760942761,0.321353065539112
ec3575e0aaf86406ac4a84bb5d0049cbed28c421,0.14285714285714285,0.0,0.0,0.005121638924455826,0.0,0.045454545454545456
f287bc03f1da354760d06ae72a386f51451e0278,0.13286713286713286,0.15584415584415584,0.058823529411764705,0.0,0.045454545454545456,0.10858585858585859
f28c6e1a9bf60d3ba776d6be18bb5dcc3d2d91da,0.19580419580419584,0.09090909090909091,0.11784511784511784,0.038825757575757576,0.10671936758893281,0.08033826638477802
f2bb2b3fe03f459960fc0f061ca7251557340fd5,0.07509881422924901,0.3125,0.06643356643356643,0.05723905723905725,0.08695652173913043,0.1184573002754821
f4a70b94c0f0672dc6493d156518ae25c3976a06,0.06666666666666667,0.0625,0.0,0.008130081300813009,0.0,0.0
f585fa117b6526204820e0b1eb2a80d27b8592f5,0.0,0.0,0.0,0.0,0.0,0.0
f6a45f0aa04a8d131333739859a926bcbc8a12a9,0.10606060606060605,0.0,0.0,0.03636363636363636,0.04040404040404041,0.0
f724564ebbaf4cbfa45bbb21a883b9b4e33108ed,0.0,0.0,0.0,0.08051948051948052,0.058823529411764705,0.27272727272727276
f789e70e136b898f3580af7fe3fc63c5b741991b,0.0,0.125,0.0,0.008695652173913044,0.0,0.10782241014799156
f904cf4af455a40289408485efcc117e1a9b60ad,0.15019762845849804,0.0,0.05194805194805195,0.1065830721003135,0.034482758620689655,0.5454545454545455
f9b3517060098c41fc220990ba51263fa76c34c5,0.058823529411764705,0.0,0.0,0.02127659574468085,0.0,0.03636363636363636
f9bca1aec5accded1070638cdde237bb8c81c301,0.02077922077922078,0.0,0.0,0.029840388619014575,0.0,0.04090909090909091
f9fbdcf24195ad559c966a8f75610043b7cdf377,0.2202797202797203,0.0,0.23715415019762848,0.0658008658008658,0.14814814814814814,0.07407407407407407
fb73ea9cf4691e35b05bfd0192b1ba7f0d2dbc8f,0.26136363636363635,0.0,0.0,0.0,0.0,0.04278074866310161
fe2e08430cd89089761b57c837a57065a1f7c07f,0.2231404958677686,0.17171717171717174,,0.06964809384164224,0.1490909090909091,0.28354978354978355
fee49cbc8cf946fadb723614b8caafb24a1c6d48,0.2,0.0,0.0,0.0,0.04278074866310161,0.09818181818181819
feed1621d6e46f3100522dadfbb9ecec17fe8ba4,0.3434343434343435,0.0,0.1575757575757576,0.04820936639118458,0.18181818181818182,0.38244514106583066
ff126a7ee3f7c8a16ba56d69ae9ae61028597309,0.0,0.0,0.0,0.022727272727272728,0.0,0.12337662337662338
ff3a194928159b2440a0a89750ae23fbf55f279c,0.24675324675324675,0.5324675324675325,0.1548821548821549,0.06545454545454547,0.38961038961038963,0.08425720620842574
