student;RED-exceptions-hw03;RED-exceptions-hw04;RED-exceptions-hw05;RED-exceptions-hw06;RED-exceptions-hw07;RED-exceptions-hw08;RED-compiler-hw03;RED-compiler-hw04;RED-compiler-hw05;RED-compiler-hw06;RED-compiler-hw07;RED-compiler-hw08;AvgREDCompiler_HW04;AvgREDRuntime_HW04;AvgREDCompiler_HW08;AvgREDRuntime_HW08;SumREDCompiler_HW04;SumREDRuntime_HW04;SumREDCompiler_HW08;SumREDRuntime_HW08
008a13042777e1aaca446a68fbc5b3877e6ed232;0.0;3.2;0.0;1.0;0.5;0.0;0.5;0.0;0.0;0.0;0.0;0.0;0.25;1.6;0.08333333333333333;0.7833333333333333;0.5;3.2;0.5;4.7
0106f488719b5b6dec8020fdf6c9e2e6d2059227;0.0;0.0;0.0;7.499999999999999;0.5;3.583333333333333;0.5;39.150000000000006;0.0;4.0;0.0;1.0;19.825000000000003;0.0;7.441666666666667;1.9305555555555554;39.650000000000006;0.0;44.650000000000006;11.583333333333332
025e11c5a647be6af45e5040241901ecd65080f3;0.0;0.0;2.0;0.5;1.8333333333333333;0.5;0.0;0.0;0.0;0.0;0.0;78.99999999999999;0.0;0.0;13.166666666666664;0.8055555555555555;0.0;0.0;78.99999999999999;4.833333333333333
03ca17c101841d13b549bea0ce51f4e0fe320d0c;0.0;0.0;0.0;0.0;0.0;0.0;0.0;0.0;0.0;4.666666666666666;0.0;0.0;0.0;0.0;0.7777777777777777;0.0;0.0;0.0;4.666666666666666;0.0
04810dc49618a521e56f3207dc85b34ec4e67375;0.0;0.0;2.0;0.0;0.0;1.5;0.0;0.0;0.0;3.5;0.0;0.0;0.0;0.0;0.5833333333333334;0.5833333333333334;0.0;0.0;3.5;3.5
04ddc6d8c8a0d19b0bbecc287f15f39b8c9d0795;0.0;0.0;0.0;1.0;0.0;2.833333333333333;1.5;0.0;0.5;0.5;0.0;0.5;0.75;0.0;0.5;0.6388888888888888;1.5;0.0;3.0;3.833333333333333
084446117d0ab708d724abbe76e58340d13dc899;0.0;0.0;1.0;2.833333333333333;0.0;0.0;0.0;0.0;0.0;0.0;0.0;0.0;0.0;0.0;0.0;0.6388888888888888;0.0;0.0;0.0;3.833333333333333
0b2b215d3895dc070ff308ca5d5733bb0abda40f;0.0;0.0;2.0;2.0;0.0;7.125;29.7;0.0;0.0;6.833333333333332;0.0;2.333333333333333;14.85;0.0;6.477777777777778;1.8541666666666667;29.7;0.0;38.86666666666667;11.125
0c2eedb86a7888c7defd056d073fc040a338eec3;0.0;0.0;2.0;2.5;0.0;3.0;0.5;0.0;0.0;9.833333333333332;0.5;3.0;0.25;0.0;2.3055555555555554;1.25;0.5;0.0;13.833333333333332;7.5
0c51503c95c50eeaf97615b29561f75e0d6d60c3;0.0;0.0;2.0;0.5;0.5;1.0;0.0;0.0;7.499999999999999;0.0;10.166666666666666;0.0;0.0;0.0;2.944444444444444;0.6666666666666666;0.0;0.0;17.666666666666664;4.0
0ca06f2f6d203a8c20ee3d33c95ce3a1c9550356;0.5;0.0;0.5;0.5;0.0;0.5;0.0;0.0;0.0;0.0;0.0;0.0;0.0;0.25;0.0;0.3333333333333333;0.0;0.5;0.0;2.0
0cec4107a713477189bb82d9d34b81190cb1201b;0.0;0.0;1.8333333333333333;0.0;2.75;2.5;0.5;0.0;0.0;0.0;5.0;1.0;0.25;0.0;1.0833333333333333;1.1805555555555556;0.5;0.0;6.5;7.083333333333333
0de822bddc1dd72a3230320f51b10b9f7a509869;0.0;0.0;0.0;0.0;0.0;2.5;0.0;0.0;7.999999999999999;13.000000000000002;0.0;0.0;0.0;0.0;3.5;0.4166666666666667;0.0;0.0;21.0;2.5
0e5e2419246434693bfda4a7c0c42bf8f6a75339;1.3333333333333333;0.0;0.0;2.5;1.3333333333333333;0.5;0.0;0.0;0.0;0.0;0.0;0.0;0.0;0.6666666666666666;0.0;0.9444444444444443;0.0;1.3333333333333333;0.0;5.666666666666666
0e874cd0ec2bac9c0fde37da1d71d9f9c0456023;0.0;0.0;7.333333333333333;2.5;2.833333333333333;15.083333333333334;2.0;0.0;0.0;1.5;0.5;24.999999999999996;1.0;0.0;4.833333333333333;4.625;2.0;0.0;28.999999999999996;27.75
0ebaaad003868565710d1724cb582f41ed3aa598;0.0;0.0;0.0;1.8333333333333333;0.0;0.5;0.0;0.0;0.5;0.0;0.0;0.0;0.0;0.0;0.08333333333333333;0.38888888888888884;0.0;0.0;0.5;2.333333333333333
0f88be4b4d0a31605c539532fce08ed600190170;0.0;0.0;2.0;1.0;1.0;0.5;1.8333333333333333;0.0;0.0;1.0;2.6666666666666665;0.0;0.9166666666666666;0.0;0.9166666666666666;0.75;1.8333333333333333;0.0;5.5;4.5
0fc86b6a1afaad8cc203fac7e27c55097c310937;0.0;0.0;0.0;0.0;4.166666666666667;0.0;4.5;0.5;0.0;0.0;0.0;6.0;2.5;0.0;1.8333333333333333;0.6944444444444445;5.0;0.0;11.0;4.166666666666667
107e619e6f2a5a39e729d6ffaa91b43d2be99edf;0.0;0.0;0.0;3.0;0.0;0.0;11.0;5.0;0.5;0.0;0.0;0.5;8.0;0.0;2.8333333333333335;0.5;16.0;0.0;17.0;3.0
11a155325f353f226a2e2f1ac11eb3aa5351b146;0.0;0.0;0.0;0.5;0.0;1.8333333333333333;0.0;0.0;0.0;0.0;0.0;0.0;0.0;0.0;0.0;0.38888888888888884;0.0;0.0;0.0;2.333333333333333
1390c5e2235f7bf89d0e6af7570654c3fa81a50e;0.0;0.0;2.0;0.0;2.6666666666666665;3.75;46.03333333333333;2.0;120.81666666666672;109.53174603174607;36.68333333333334;38.68333333333333;24.016666666666666;0.0;58.958068783068796;1.4027777777777777;48.03333333333333;0.0;353.7484126984128;8.416666666666666
139c29eaf2bf6ea4e53e4a9f895ad1199b063548;0.0;4.666666666666667;0.0;1.0;0.0;1.3333333333333333;4.5;0.0;3.5;3.0;0.0;0.5;2.25;2.3333333333333335;1.9166666666666667;1.1666666666666667;4.5;4.666666666666667;11.5;7.0
15a781a47074cd944066e0eae974606082fc9788;0.0;0.0;0.0;0.0;0.0;0.5;0.0;0.0;0.0;0.0;0.0;0.0;0.0;0.0;0.0;0.08333333333333333;0.0;0.0;0.0;0.5
15b943b08735673bf26c83a3211e0dcdbe4014e0;0.0;0.0;4.0;1.5;14.408333333333331;10.5;4.0;0.0;16.66666666666667;3.833333333333333;1.5;11.0;2.0;0.0;6.166666666666667;5.0680555555555555;4.0;0.0;37.0;30.40833333333333
15c790d885b3c3fbf73e766b09fe14cb31b34d63;0.0;0.0;0.0;2.0;0.0;0.5;0.5;5.142857142857143;1.0;0.5;1.0;6.0;2.8214285714285716;0.0;2.357142857142857;0.4166666666666667;5.642857142857143;0.0;14.142857142857142;2.5
1617cb7fffc171ccfb7a8a377fb8ed9188bebe0d;0.0;0.0;2.0;0.0;0.0;0.0;0.5;0.0;0.0;0.0;0.0;0.0;0.25;0.0;0.08333333333333333;0.3333333333333333;0.5;0.0;0.5;2.0
1655907b46332e9bf59fd3792dffea88f661da4d;0.0;13.283333333333335;0.0;1.8333333333333333;0.0;2.5;16.866666666666667;0.0;0.0;0.5;0.5;8.0;8.433333333333334;6.6416666666666675;4.311111111111111;2.9361111111111113;16.866666666666667;13.283333333333335;25.866666666666667;17.616666666666667
1697b3ab314a9d0523a560fb62094ecc8b34c55f;0.0;0.0;2.0;1.3333333333333333;0.5;3.333333333333333;0.5;0.0;0.0;1.5;2.0;3.5;0.25;0.0;1.25;1.1944444444444444;0.5;0.0;7.5;7.166666666666666
16d9298309705bb8ce82f1f11aa45a893548b88a;0.0;0.0;2.0;2.0;3.333333333333333;0.5;39.00000000000001;0.0;0.0;3.5;0.0;3.75;19.500000000000004;0.0;7.708333333333335;1.3055555555555556;39.00000000000001;0.0;46.25000000000001;7.833333333333333
1933eef337e0dad01d6f7dadc966c42abda9d7a5;0.0;0.0;20.571428571428573;5.0;1.5;11.61111111111111;2.25;0.0;20.0;0.0;0.0;1.3333333333333333;1.125;0.0;3.9305555555555554;6.447089947089947;2.25;0.0;23.583333333333332;38.682539682539684
198314c2ae4294f0607d2c85c1e50817f69c6613;0.0;0.0;0.0;0.0;0.0;0.5;0.0;0.0;0.0;0.0;0.0;1.0;0.0;0.0;0.16666666666666666;0.08333333333333333;0.0;0.0;1.0;0.5
199166168078f1058210fb1ed2f424a0fd37b7cf;0.0;0.0;0.0;2.0;1.3333333333333333;1.0;3.0;0.0;0.5;0.0;0.0;0.0;1.5;0.0;0.5833333333333334;0.7222222222222222;3.0;0.0;3.5;4.333333333333333
19a941d7bba8f42a286f5249358a6e49d06101cc;0.0;0.0;109.14814814814815;1.5;1.3333333333333333;2.333333333333333;6.0;11.816666666666668;0.0;0.5;0.0;20.75;8.908333333333335;0.0;6.511111111111112;19.05246913580247;17.81666666666667;0.0;39.06666666666667;114.31481481481481
1a676b4c17bf88842f0bb342f6a115f5bf3abba9;0.0;0.0;7.333333333333333;0.5;1.0;1.8333333333333333;0.0;0.0;0.0;0.0;0.0;0.0;0.0;0.0;0.0;1.7777777777777777;0.0;0.0;0.0;10.666666666666666
1ad9edc00d9ebb99dd584bc7702d51428456e6db;0.0;0.0;0.0;0.0;5.642857142857143;2.0;15.500000000000002;11.45;0.0;0.0;0.0;7.666666666666666;13.475000000000001;0.0;5.769444444444445;1.273809523809524;26.950000000000003;0.0;34.61666666666667;7.642857142857143
1daf3808a0069a2ee28993bb7b4358f05d35d5d4;0.0;0.0;0.0;0.0;3.2;1.5;0.5;4.5;25.333333333333336;3.5;4.166666666666666;0.0;2.5;0.0;6.333333333333333;0.7833333333333333;5.0;0.0;38.0;4.7
20c9374598da999068e755c6651799d960f81954;0.0;0.0;0.0;0.0;1.0;1.0;0.0;0.0;0.0;0.5;0.0;2.25;0.0;0.0;0.4583333333333333;0.3333333333333333;0.0;0.0;2.75;2.0
20ece659e4a299b8be3c7d42aadc6edbdf358d08;0.0;0.0;2.0;0.0;0.0;0.0;0.0;0.0;0.0;0.0;0.0;0.0;0.0;0.0;0.0;0.3333333333333333;0.0;0.0;0.0;2.0
21dab4c1463f923623b244ac4c19f58c41bc46bc;0.0;0.0;2.0;0.5;0.0;8.166666666666666;0.0;0.5;0.0;0.0;0.0;0.5;0.25;0.0;0.16666666666666666;1.7777777777777777;0.5;0.0;1.0;10.666666666666666
223e47f9cba0cfb0c1fd36160189bdcdd5fb3ae0;0.0;0.0;2.0;1.0;0.0;1.0;0.0;0.0;0.0;1.0;0.0;0.0;0.0;0.0;0.16666666666666666;0.6666666666666666;0.0;0.0;1.0;4.0
24d8a641417c3d9b096f69b4afc2f647c5dc1265;0.0;3.2;2.0;0.5;9.666666666666668;2.0;0.5;0.0;3.5;1.0;2.5;5.0;0.25;1.6;2.0833333333333335;2.8944444444444444;0.5;3.2;12.5;17.366666666666667
250f90922642dce6892783fe11a3cbaf5e917cb1;0.0;0.0;2.0;2.5;0.0;0.0;0.0;0.5;0.0;0.5;0.0;0.0;0.25;0.0;0.16666666666666666;0.75;0.5;0.0;1.0;4.5
25fe012692240da59936ab2cd702848f6ab41d7f;0.0;0.0;0.0;2.5;0.0;3.25;0.5;0.0;0.0;0.0;0.0;7.166666666666666;0.25;0.0;1.2777777777777777;0.9583333333333334;0.5;0.0;7.666666666666666;5.75
260bb5e515632f23d4a975dca9caff206e84bb87;0.0;0.5;1.0;2.0;0.0;4.333333333333333;0.0;0.0;27.999999999999996;13.833333333333334;33.33333333333333;2.0;0.0;0.25;12.861111111111109;1.3055555555555556;0.0;0.5;77.16666666666666;7.833333333333333
26455cd1ecb5229a5e1d69f5c4c845da30ed54c9;0.0;0.0;2.0;2.0;0.5;2.0;0.5;0.0;0.0;0.0;0.0;0.0;0.25;0.0;0.08333333333333333;1.0833333333333333;0.5;0.0;0.5;6.5
270e0b07846ed7becbdb27ff75dffe53de21d3e0;0.0;0.5;2.0;2.0;0.0;3.333333333333333;3.1666666666666665;0.0;1.5;1.5;2.5;0.0;1.5833333333333333;0.25;1.4444444444444444;1.3055555555555556;3.1666666666666665;0.5;8.666666666666666;7.833333333333333
277a52b85746c8b6ed956104bcc81523056b5633;0.0;0.0;0.0;5.999999999999999;2.6666666666666665;1.3333333333333333;0.0;4.0;0.0;0.5;0.0;0.0;2.0;0.0;0.75;1.6666666666666667;4.0;0.0;4.5;10.0
2892d3dbc857f6742361415ebd37d0dde3eeb077;0.0;0.0;2.833333333333333;2.6666666666666665;0.0;2.333333333333333;7.5;0.0;0.0;7.333333333333333;0.0;5.5;3.75;0.0;3.388888888888889;1.3055555555555556;7.5;0.0;20.333333333333332;7.833333333333333
2ac9c3d2e2b75c154ab4ea8cc2bad9087497e779;0.0;0.0;2.0;1.0;0.0;1.8333333333333333;0.0;0.0;0.0;0.0;0.0;0.0;0.0;0.0;0.0;0.8055555555555555;0.0;0.0;0.0;4.833333333333333
2adc3e45fc704d8286cf0b39376b823871ed8484;0.0;0.0;0.0;0.0;0.5;1.8333333333333333;0.0;0.0;1.3333333333333333;0.0;0.0;14.0;0.0;0.0;2.555555555555556;0.38888888888888884;0.0;0.0;15.333333333333334;2.333333333333333
2c22b20e671dbf5ab6f9c84da21690f72cbed8ef;0.0;0.0;2.0;0.5;0.0;0.0;2.5;0.5;0.0;1.0;0.0;0.0;1.5;0.0;0.6666666666666666;0.4166666666666667;3.0;0.0;4.0;2.5
2c590c72ae298d0eb8d06d1eec09a191fb0dd949;0.0;0.0;2.5;1.5;0.0;0.0;0.0;0.0;0.0;2.0;2.25;1.0;0.0;0.0;0.875;0.6666666666666666;0.0;0.0;5.25;4.0
2d1e7e329d49709107b3cc3a54e79ecd10734d88;0.0;1.8333333333333333;2.6666666666666665;0.0;2.333333333333333;1.0;0.0;0.0;28.083333333333332;1.5;0.0;0.0;0.0;0.9166666666666666;4.930555555555555;1.3055555555555556;0.0;1.8333333333333333;29.583333333333332;7.833333333333333
2d7848bb411c2d1dfe75ddd2c095195b42110776;0.0;0.0;0.0;0.0;0.0;1.0;0.0;0.0;0.0;0.0;0.0;0.0;0.0;0.0;0.0;0.16666666666666666;0.0;0.0;0.0;1.0
2d8ae2ab222603a73f98853020208a89c7cef84d;0.0;0.0;2.0;0.0;0.0;0.0;0.0;0.0;0.0;0.0;1.5;0.0;0.0;0.0;0.25;0.3333333333333333;0.0;0.0;1.5;2.0
2e26f875a0ef7b1f5682286d9dd0543997d7c42c;0.0;0.0;2.0;4.999999999999999;0.5;1.0;1.5;0.0;0.0;0.0;0.0;0.5;0.75;0.0;0.3333333333333333;1.4166666666666667;1.5;0.0;2.0;8.5
2fcd57e994ce4e99ea705980aa0f47d3307e3ab7;0.0;1.3333333333333333;0.0;0.5;6.4;2.6666666666666665;0.5;0.0;0.0;0.5;0.0;14.5;0.25;0.6666666666666666;2.5833333333333335;1.8166666666666667;0.5;1.3333333333333333;15.5;10.9
3041a53686abd2d37493352be2b24a14c40071a8;0.0;0.0;0.0;3.0;0.0;0.0;0.0;0.0;0.0;0.0;0.0;0.0;0.0;0.0;0.0;0.5;0.0;0.0;0.0;3.0
31581b9b01d2fa566b8c69efc227c6bd676e574e;0.0;0.0;0.0;0.5;1.3333333333333333;0.0;0.0;0.0;0.0;0.0;0.5;0.0;0.0;0.0;0.08333333333333333;0.3055555555555555;0.0;0.0;0.5;1.8333333333333333
343ccf52c9595fbe9cbe44606f9d7903307e24a3;0.0;0.0;3.5;0.0;0.0;1.0;0.0;0.0;0.0;0.0;0.0;0.0;0.0;0.0;0.0;0.75;0.0;0.0;0.0;4.5
347d33b6e5785dc56109485ce720e361d0a4a675;0.0;0.0;0.5;1.0;0.0;7.611111111111111;0.0;0.0;0.0;0.5;0.5;1.0;0.0;0.0;0.3333333333333333;1.5185185185185184;0.0;0.0;2.0;9.11111111111111
34be5a53134a4e68dae61bf2fac1ba4c91030569;0.0;1.3333333333333333;0.0;2.0;0.0;13.25;99.33333333333324;0.5;19.0;2.333333333333333;0.5;16.583333333333336;49.91666666666662;0.6666666666666666;23.041666666666654;2.763888888888889;99.83333333333324;1.3333333333333333;138.24999999999991;16.583333333333332
36705719323335eb34505b09f49cefde478d0252;0.0;0.0;0.0;0.0;1.3333333333333333;1.0;0.0;0.0;0.0;0.0;0.0;0.0;0.0;0.0;0.0;0.38888888888888884;0.0;0.0;0.0;2.333333333333333
36e1da1b027e8da8c46ffbb07b0a8d1e7d197a86;0.0;4.533333333333333;2.0;6.499999999999999;0.0;0.0;3.0;0.0;0.0;2.25;0.0;3.833333333333333;1.5;2.2666666666666666;1.5138888888888886;2.172222222222222;3.0;4.533333333333333;9.083333333333332;13.033333333333331
3822f5f3419d90d1d6abd392e34252539867b977;0.0;0.0;0.0;1.0;0.0;11.0;14.666666666666668;0.5;0.0;0.5;4.0;0.0;7.583333333333334;0.0;3.277777777777778;2.0;15.166666666666668;0.0;19.666666666666668;12.0
38a2e1976989130b93cd07a1336fb4a7f6d78ccd;0.0;0.0;2.0;2.0;1.0;1.0;143.66666666666677;2.5;12.0;0.5;2.0;0.0;73.08333333333339;0.0;26.777777777777796;1.0;146.16666666666677;0.0;160.66666666666677;6.0
38da134c1fae87f8777176da8840445f10def983;0.0;1.0;0.0;0.0;0.0;0.5;0.0;0.0;0.0;5.166666666666666;0.0;0.5;0.0;0.5;0.9444444444444443;0.25;0.0;1.0;5.666666666666666;1.5
3932b8c4b8eceb9304e1273203288b7344a72e1c;0.0;0.0;0.0;2.5;0.5;3.0;5.5;0.5;10.5;0.0;0.0;0.0;3.0;0.0;2.75;1.0;6.0;0.0;16.5;6.0
39d054a15ed725d77edf691e802c5b3222f42c9f;0.0;0.0;1.8333333333333333;2.0;0.5;2.333333333333333;0.5;5.5;0.0;0.0;0.0;0.0;3.0;0.0;1.0;1.111111111111111;6.0;0.0;6.0;6.666666666666666
3d5924dc0067c7236dc1c9317ce16d9c52cd3c14;0.0;0.0;0.0;1.0;1.0;1.5;3.0;4.5;0.0;1.5;8.083333333333334;4.166666666666666;3.75;0.0;3.5416666666666665;0.5833333333333334;7.5;0.0;21.25;3.5
3e11348b68914f93fc74cde47fbcf05cc4b2867d;0.0;0.0;0.0;0.0;0.0;0.0;0.0;0.0;0.0;0.0;0.0;0.0;0.0;0.0;0.0;0.0;0.0;0.0;0.0;0.0
3e153ba5e93176a5402d30722e402771b771bf55;0.0;0.0;2.0;1.3333333333333333;0.0;3.2;0.0;0.0;0.0;0.0;0.0;12.333333333333334;0.0;0.0;2.055555555555556;1.0888888888888888;0.0;0.0;12.333333333333334;6.533333333333333
406d5a7eb8631d2290294c40711318b956ed54fd;0.0;0.5;0.5;0.5;3.1666666666666665;8.416666666666666;0.0;0.0;0.0;0.0;0.0;0.5;0.0;0.25;0.08333333333333333;2.1805555555555554;0.0;0.5;0.5;13.083333333333332
409cbf4bc16c594da820d29c743f14a10e7919f1;0.0;0.0;0.0;0.5;0.0;5.999999999999999;0.0;0.0;0.0;0.5;0.0;0.0;0.0;0.0;0.08333333333333333;1.0833333333333333;0.0;0.0;0.5;6.499999999999999
4128c27a816942a5871946e8691a7183b59429a9;0.0;0.0;2.0;1.5;0.5;1.3333333333333333;1.3333333333333333;0.0;0.0;0.5;2.6666666666666665;2.25;0.6666666666666666;0.0;1.125;0.8888888888888888;1.3333333333333333;0.0;6.75;5.333333333333333
42fe0cd21665026551f4802887b10b11b48e883a;0.0;1.0;2.833333333333333;1.0;2.75;9.583333333333332;7.333333333333333;0.5;0.0;0.0;0.0;1.0;3.9166666666666665;0.5;1.472222222222222;2.8611111111111107;7.833333333333333;1.0;8.833333333333332;17.166666666666664
432d6f1cb419a77afaef67325d541f506d80cec7;0.0;0.0;0.0;0.0;0.0;1.0;0.0;0.0;0.0;1.0;0.0;0.0;0.0;0.0;0.16666666666666666;0.16666666666666666;0.0;0.0;1.0;1.0
43ddbe9de85fe609a1ecc56a76dbcddb0f52d8c1;0.0;0.5;0.0;0.0;1.8333333333333333;5.7;2.5;0.0;0.0;1.0;2.0;0.0;1.25;0.25;0.9166666666666666;1.3388888888888888;2.5;0.5;5.5;8.033333333333333
444500e9b1f9ba58a2d0653d8ccdb0cf46debca7;0.0;0.5;1.3333333333333333;2.0;0.0;0.0;0.5;0.0;0.0;0.0;0.0;0.0;0.25;0.25;0.08333333333333333;0.6388888888888888;0.5;0.5;0.5;3.833333333333333
4542f79f46c1e57daf32196b082986d08d6addda;0.0;0.0;0.0;0.0;0.0;2.6666666666666665;1.3333333333333333;0.0;0.0;0.0;0.0;0.0;0.6666666666666666;0.0;0.2222222222222222;0.4444444444444444;1.3333333333333333;0.0;1.3333333333333333;2.6666666666666665
469ce5ae9862c2ae31c75a1404a8b03af40db5ba;0.0;0.0;0.0;0.5;4.533333333333333;0.0;7.0;7.0;0.5;0.0;1.0;1.0;7.0;0.0;2.75;0.8388888888888889;14.0;0.0;16.5;5.033333333333333
4a181b8a0daafd8c1c8b971d48fb20139cc2e58e;0.0;0.0;0.0;1.0;3.1666666666666665;11.5;4.75;1.3333333333333333;178.72341269841277;3.833333333333333;2.75;12.833333333333332;3.0416666666666665;0.0;34.03723544973547;2.611111111111111;6.083333333333333;0.0;204.2234126984128;15.666666666666666
4b8cafbb2f0acbe010290da14340378e9c684d75;0.0;0.0;0.0;1.0;0.0;5.0;0.0;0.5;3.5;3.0;0.0;0.5;0.25;0.0;1.25;1.0;0.5;0.0;7.5;6.0
4be2bd63e16a633b451b15c7c4721b46d35da827;0.0;0.0;0.0;0.5;0.0;0.0;8.0;0.5;13.5;3.0;0.0;245.80476190476182;4.25;0.0;45.134126984126965;0.08333333333333333;8.5;0.0;270.8047619047618;0.5
4c0e060545d21fcedf84f937c59a97bbc71a69e3;0.0;0.0;0.0;0.0;4.083333333333333;1.0;0.0;0.0;0.0;0.0;0.0;0.5;0.0;0.0;0.08333333333333333;0.8472222222222222;0.0;0.0;0.5;5.083333333333333
4c948f488d593c3e166696d2b6f6347110516450;0.0;0.0;0.0;0.5;0.0;0.0;5.0;1.0;2.333333333333333;2.5;0.5;27.666666666666668;3.0;0.0;6.5;0.08333333333333333;6.0;0.0;39.0;0.5
4d304d0fc8d7287703d7e1350a77470f66984e3a;0.0;0.0;7.333333333333333;2.5;0.0;7.4;2.0;4.5;3.0;0.0;2.333333333333333;1.0;3.25;0.0;2.138888888888889;2.8722222222222222;6.5;0.0;12.833333333333332;17.233333333333334
4d3e16e24096cd5e30e393ecb9f049662806f603;0.0;0.5;4.0;8.7;1.5;3.833333333333333;2.333333333333333;0.0;5.666666666666666;1.5;0.0;0.0;1.1666666666666665;0.25;1.5833333333333333;3.0888888888888886;2.333333333333333;0.5;9.5;18.53333333333333
4e6375572baa7b596e96b115bbff4f03ff44ed9a;0.0;2.25;9.0;1.0;1.3333333333333333;4.166666666666666;0.0;0.0;0.0;0.0;0.0;1.0;0.0;1.125;0.16666666666666666;2.9583333333333335;0.0;2.25;1.0;17.75
4ee624ba618e49234700248189f5f77acf310f5a;0.0;0.0;0.0;1.0;0.0;0.0;0.0;0.0;0.0;0.0;0.0;0.0;0.0;0.0;0.0;0.16666666666666666;0.0;0.0;0.0;1.0
50a9d11d5eaae9d4ded85ab934739b0729868a9b;0.0;0.0;2.0;2.5;1.3333333333333333;0.0;19.833333333333332;39.10238095238096;12.416666666666668;53.75;8.833333333333332;23.0;29.46785714285715;0.0;26.155952380952385;0.9722222222222222;58.9357142857143;0.0;156.9357142857143;5.833333333333333
50fa24df3a840e16ab9aac65494fb39960a78ac3;0.0;0.0;2.0;0.5;0.0;1.5;0.0;0.0;0.0;1.0;1.0;0.0;0.0;0.0;0.3333333333333333;0.6666666666666666;0.0;0.0;2.0;4.0
542af3c2f80579d059d762834b7c212e25ee3e33;0.0;0.0;0.0;2.0;0.0;7.976190476190476;0.0;0.0;0.0;1.5;1.0;111.24999999999993;0.0;0.0;18.95833333333332;1.6626984126984128;0.0;0.0;113.74999999999993;9.976190476190476
556833fe62464359391055ea2e18e848d48ad897;0.0;0.5;0.0;10.583333333333332;3.7;3.0;215.88333333333335;68.33333333333334;7.0;6.166666666666666;0.0;20.444444444444443;142.10833333333335;0.25;52.97129629629631;2.9638888888888886;284.2166666666667;0.5;317.82777777777784;17.78333333333333
55c22b2f9d6817c1fe72d44c330abca86d474e26;0.0;1.5;0.0;3.5;0.0;5.333333333333333;20.0;0.0;0.0;0.0;0.0;4.0;10.0;0.75;4.0;1.722222222222222;20.0;1.5;24.0;10.333333333333332
57ee738221009ddeee88e1636ea1d3cc0e9985c5;0.0;0.0;0.0;0.0;0.0;1.3333333333333333;0.0;0.0;0.0;0.0;0.0;0.0;0.0;0.0;0.0;0.2222222222222222;0.0;0.0;0.0;1.3333333333333333
58247ed7f5f7ef58de87e5c75e111bb8c1319e5f;0.0;0.0;2.0;4.5;0.0;0.5;0.0;0.0;19.7;16.733333333333334;0.0;0.0;0.0;0.0;6.072222222222223;1.1666666666666667;0.0;0.0;36.43333333333334;7.0
585e11bbcd145d378d188bde0220988e63005f64;0.0;0.0;1.5;3.5;0.0;0.5;0.0;0.5;0.0;0.0;0.0;0.0;0.25;0.0;0.08333333333333333;0.9166666666666666;0.5;0.0;0.5;5.5
5950ad0df7ed21fc66a3af04ed8cb667e6051a02;0.0;0.5;0.0;1.0;10.9;1.3333333333333333;0.0;0.0;0.0;0.0;0.0;0.0;0.0;0.25;0.0;2.288888888888889;0.0;0.5;0.0;13.733333333333334
5a88a68dbd6e3787f79323650ab8bc39cd043192;0.0;0.0;0.0;2.0;2.333333333333333;15.666666666666666;18.30952380952381;0.0;0.0;1.5;7.166666666666666;0.5;9.154761904761905;0.0;4.579365079365079;3.3333333333333335;18.30952380952381;0.0;27.476190476190474;20.0
5bd06d8ef939a24e4be9a8a295565db039cfb173;0.0;0.5;0.0;0.5;0.0;3.1666666666666665;1.0;0.0;0.0;0.0;0.0;0.0;0.5;0.25;0.16666666666666666;0.6944444444444443;1.0;0.5;1.0;4.166666666666666
5be9cd1cda5d6b1980de1fd652ef4229e3eb8577;0.0;0.0;2.0;1.3333333333333333;1.3333333333333333;0.5;1.0;0.0;0.0;0.0;5.5;0.0;0.5;0.0;1.0833333333333333;0.861111111111111;1.0;0.0;6.5;5.166666666666666
5c687dece2a95d9523cd5a32fc08c4818c0997e3;0.0;0.0;2.0;1.0;0.0;0.0;0.0;1.5;0.0;6.666666666666666;0.0;0.0;0.75;0.0;1.361111111111111;0.5;1.5;0.0;8.166666666666666;3.0
5d62f611d889cb7019dd0fc8cf9ef3b15a83c810;0.0;0.0;4.666666666666666;1.3333333333333333;0.0;0.0;0.0;0.0;0.0;0.0;0.0;0.0;0.0;0.0;0.0;0.9999999999999999;0.0;0.0;0.0;5.999999999999999
5e2ba60bf6ae614bec98f4bde693868ba49a559e;0.0;0.0;2.0;4.5;3.2;0.5;0.0;0.0;0.0;3.5;0.0;0.0;0.0;0.0;0.5833333333333334;1.7;0.0;0.0;3.5;10.2
5f696a4f439ae9f07efbb9de1a05465fb9a33565;0.0;0.0;2.25;1.0;0.0;0.0;1.3333333333333333;0.5;0.0;2.833333333333333;0.0;5.0;0.9166666666666666;0.0;1.611111111111111;0.5416666666666666;1.8333333333333333;0.0;9.666666666666666;3.25
61462cc7f58a084c8e51fbd9ba9623cd545132ad;0.0;6.75;2.0;4.333333333333333;8.892857142857142;11.916666666666666;1.0;0.0;0.0;0.0;0.0;0.0;0.5;3.375;0.16666666666666666;5.648809523809523;1.0;6.75;1.0;33.89285714285714
62c9c37ab7a39714cac0dde9affe3bd38751d13a;0.0;0.0;2.0;0.0;0.0;0.0;0.0;0.0;0.0;0.0;0.0;0.0;0.0;0.0;0.0;0.3333333333333333;0.0;0.0;0.0;2.0
6441d968337ce853fb844b4be2360a7680bd3d3d;0.0;0.0;3.0;2.5;0.0;2.5;0.0;8.0;0.0;0.0;0.0;0.0;4.0;0.0;1.3333333333333333;1.3333333333333333;8.0;0.0;8.0;8.0
6507e9a59c7760b7c7d8d0a3a16ba7eeb9e1ba64;0.0;3.25;2.0;4.0;0.5;4.7;0.0;0.0;0.0;0.0;8.5;0.0;0.0;1.625;1.4166666666666667;2.408333333333333;0.0;3.25;8.5;14.45
65fadf52b477dfc365a46cb400d773792dcb3341;0.0;1.3333333333333333;0.0;4.166666666666666;0.0;0.5;39.83333333333333;1.3333333333333333;0.0;0.0;0.0;12.166666666666666;20.583333333333332;0.6666666666666666;8.888888888888888;0.9999999999999999;41.166666666666664;1.3333333333333333;53.33333333333333;5.999999999999999
6605b28f4160ac2ecd5ed4dec5a815d066f309b3;0.0;0.0;0.0;0.0;0.0;0.0;1.0;2.0;0.5;56.50000000000001;0.0;0.0;1.5;0.0;10.000000000000002;0.0;3.0;0.0;60.00000000000001;0.0
6663a4284c794ea4550e61af7191209e73045a86;0.0;0.0;0.0;1.3333333333333333;0.0;0.0;0.0;0.0;0.0;0.0;0.0;0.5;0.0;0.0;0.08333333333333333;0.2222222222222222;0.0;0.0;0.5;1.3333333333333333
66c9b4c37d28677a10b2259a87fcacfd63dbd9a0;0.0;0.0;0.0;1.3333333333333333;2.25;3.5;0.5;1.0;0.0;0.0;0.0;1.3333333333333333;0.75;0.0;0.47222222222222215;1.1805555555555556;1.5;0.0;2.833333333333333;7.083333333333333
67aaf2c30b90ae3ed9eb57c5c86d88bc439f0930;0.0;0.0;0.0;0.0;1.0;8.25;7.0;16.616666666666667;5.666666666666666;16.5;0.0;1.3333333333333333;11.808333333333334;0.0;7.852777777777778;1.5416666666666667;23.616666666666667;0.0;47.11666666666667;9.25
683d30cf12add9df08c8250cfd9b8153ff0acd3e;0.0;0.0;2.0;0.5;0.0;9.833333333333334;0.5;0.0;1.0;0.0;0.0;7.166666666666666;0.25;0.0;1.4444444444444444;2.055555555555556;0.5;0.0;8.666666666666666;12.333333333333334
68b0463b34364f614b76a8a97ac7c98b37916506;0.0;0.0;0.0;0.5;18.683333333333334;11.592857142857143;1.8333333333333333;1.0;3.0;0.0;1.5;0.0;1.4166666666666665;0.0;1.222222222222222;5.12936507936508;2.833333333333333;0.0;7.333333333333333;30.77619047619048
6923d2c4a9b794f7653cdc3c892b733d71da9af5;0.0;0.0;0.0;0.0;0.0;0.0;5.999999999999999;2.5;0.0;0.0;0.0;0.0;4.25;0.0;1.4166666666666667;0.0;8.5;0.0;8.5;0.0
69b307789e8a056939d00817344cff7b2c6a801f;0.0;0.0;0.0;3.0;2.333333333333333;1.3333333333333333;6.666666666666666;10.083333333333334;1.0;5.083333333333333;7.333333333333333;0.0;8.375;0.0;5.027777777777778;1.111111111111111;16.75;0.0;30.166666666666664;6.666666666666666
69c72846174d65b49ebdd1cb6a25f0e2781d262c;0.0;0.0;0.0;1.0;0.5;1.0;0.0;0.0;0.0;0.0;0.0;0.0;0.0;0.0;0.0;0.4166666666666667;0.0;0.0;0.0;2.5
6b36b01b915e6699622925a14d422694d6194be0;0.0;0.0;2.0;2.833333333333333;0.5;0.0;20.833333333333336;6.333333333333332;0.0;0.5;0.0;0.0;13.583333333333334;0.0;4.611111111111112;0.8888888888888888;27.166666666666668;0.0;27.666666666666668;5.333333333333333
6bb42c027ec626db7c9c78943666e00a0846903a;0.0;0.0;0.0;4.5;0.0;11.533333333333333;0.0;0.0;0.0;0.0;0.0;0.0;0.0;0.0;0.0;2.672222222222222;0.0;0.0;0.0;16.03333333333333
6bdc06fda22c35736f923f79caf364818c92242a;0.0;0.0;0.0;0.5;0.0;0.0;0.5;1.0;0.0;0.5;0.0;0.0;0.75;0.0;0.3333333333333333;0.08333333333333333;1.5;0.0;2.0;0.5
6c461bf548b9c9d93287748945b41d2251965d93;0.0;0.0;0.0;1.5;2.333333333333333;13.125;40.86666666666667;0.0;46.00000000000001;27.999999999999996;32.30952380952381;60.19444444444444;20.433333333333334;0.0;34.56177248677249;2.826388888888889;40.86666666666667;0.0;207.37063492063493;16.958333333333332
6ca0204ff8eea819742c218f58750954f2f2268a;0.0;0.0;2.0;0.0;0.0;0.0;0.0;0.0;0.0;0.0;0.0;0.0;0.0;0.0;0.0;0.3333333333333333;0.0;0.0;0.0;2.0
6d5aaa9492af40790519b44d5062cc519c34f643;0.0;0.0;0.5;2.5;0.0;3.583333333333333;0.0;0.0;0.0;0.5;0.0;0.5;0.0;0.0;0.16666666666666666;1.097222222222222;0.0;0.0;1.0;6.583333333333333
6d763f06e966f577fbcdec420126b548c6e079f3;0.0;0.0;0.0;0.0;1.3333333333333333;0.5;0.0;0.0;5.0;0.5;0.0;21.833333333333332;0.0;0.0;4.555555555555555;0.3055555555555555;0.0;0.0;27.333333333333332;1.8333333333333333
6db5438b3419df449f02fef8ae541ad4c3e972cf;0.0;1.0;0.5;2.0;3.1666666666666665;1.3333333333333333;0.5;0.0;0.0;0.0;1.5;1.5;0.25;0.5;0.5833333333333334;1.3333333333333333;0.5;1.0;3.5;7.999999999999999
6e187a8a1e51badcb72f58aa711583db4f2d3393;0.0;0.0;0.0;1.3333333333333333;0.5;5.333333333333333;0.5;0.0;0.0;0.0;0.0;0.0;0.25;0.0;0.08333333333333333;1.1944444444444444;0.5;0.0;0.5;7.166666666666666
6e2f133cfae940ff672310c4ff824c7ef8eddf5b;0.0;0.0;4.5;3.833333333333333;7.611111111111111;17.25;11.083333333333334;0.5;0.0;2.6666666666666665;0.5;0.0;5.791666666666667;0.0;2.4583333333333335;5.532407407407407;11.583333333333334;0.0;14.75;33.19444444444444
6e4e0168083716fe8b485ddb5ddc86d02ebaae6f;0.0;0.0;0.0;0.5;1.5;0.5;0.0;0.0;1.0;0.0;0.0;0.0;0.0;0.0;0.16666666666666666;0.4166666666666667;0.0;0.0;1.0;2.5
6fc87d4f53fe81c4bd7a3d4b3c53ac521ba7c6d3;0.0;0.0;0.0;0.5;1.3333333333333333;0.0;7.5;0.5;0.0;0.0;0.5;0.0;4.0;0.0;1.4166666666666667;0.3055555555555555;8.0;0.0;8.5;1.8333333333333333
713c5dddd704f0ddc8f58ea00009c7aba94363f6;0.0;0.0;0.0;0.5;0.5;3.2;1.0;0.0;1.0;0.5;0.0;0.0;0.5;0.0;0.4166666666666667;0.7000000000000001;1.0;0.0;2.5;4.2
713df1cac37576e434673406ef25ccefacf3ae42;0.0;0.0;0.5;2.833333333333333;1.0;1.5;0.0;0.0;0.0;0.0;0.0;0.5;0.0;0.0;0.08333333333333333;0.9722222222222222;0.0;0.0;0.5;5.833333333333333
71fe42a113dd697e5b2febb2d566d6f80d376d03;0.0;0.0;5.45;0.0;7.476190476190476;0.0;0.0;0.0;0.0;0.0;0.0;0.5;0.0;0.0;0.08333333333333333;2.1543650793650797;0.0;0.0;0.5;12.926190476190477
736f3aaa60c9d0eaab53014dd997f5c90600091f;0.0;0.0;0.0;2.833333333333333;0.0;0.0;0.0;0.0;0.0;1.0;0.0;0.0;0.0;0.0;0.16666666666666666;0.47222222222222215;0.0;0.0;1.0;2.833333333333333
737a7201f8108e07db06622a15ebc3a749e50f3e;0.0;0.0;0.0;2.0;0.0;0.0;0.0;0.5;0.0;0.5;0.0;0.0;0.25;0.0;0.16666666666666666;0.3333333333333333;0.5;0.0;1.0;2.0
74a099cc415506833fc2b1b731514bd28ac8098f;0.0;0.0;0.0;0.0;1.3333333333333333;4.999999999999999;0.0;0.5;0.0;3.0;0.0;0.5;0.25;0.0;0.6666666666666666;1.0555555555555554;0.5;0.0;4.0;6.333333333333332
752ac65f19eb98c6987504a1382f382be9b25d76;0.0;1.3333333333333333;0.0;3.0;2.0;1.0;1.0;0.0;0.0;0.0;0.0;9.0;0.5;0.6666666666666666;1.6666666666666667;1.222222222222222;1.0;1.3333333333333333;10.0;7.333333333333333
76d73dd6aeff425bfefdd46f36c07ab5e12bc561;0.0;0.0;2.0;0.0;0.0;0.0;1.0;0.0;0.0;0.0;2.333333333333333;0.0;0.5;0.0;0.5555555555555555;0.3333333333333333;1.0;0.0;3.333333333333333;2.0
76e5bea3c4541fc766a846f0c38cf2039d386777;0.0;0.0;0.0;0.0;0.0;1.3333333333333333;1.5;0.5;0.0;0.0;0.0;0.5;1.0;0.0;0.4166666666666667;0.2222222222222222;2.0;0.0;2.5;1.3333333333333333
774cf3671ebe5091f067b093a88ad67c0d9c1f93;0.0;0.0;2.0;0.0;0.5;0.0;7.0;0.5;0.0;10.5;0.5;0.0;3.75;0.0;3.0833333333333335;0.4166666666666667;7.5;0.0;18.5;2.5
782609f05e6b3ee3cc234474e3e072029fc9a9db;0.0;0.0;0.0;2.833333333333333;0.0;1.0;0.0;0.0;0.0;0.0;3.5;0.5;0.0;0.0;0.6666666666666666;0.6388888888888888;0.0;0.0;4.0;3.833333333333333
7898f7da218b0f5200fb859306a3262df425f955;0.0;0.0;4.666666666666666;4.0;0.0;2.75;0.0;0.0;0.0;1.5;0.0;0.0;0.0;0.0;0.25;1.9027777777777777;0.0;0.0;1.5;11.416666666666666
7a42f9b84fd3650124336c71bb93e1a69d8185ca;0.0;0.0;0.0;1.0;0.0;1.8333333333333333;0.0;0.0;0.0;0.0;0.0;0.0;0.0;0.0;0.0;0.47222222222222215;0.0;0.0;0.0;2.833333333333333
7a9afe398c11e435a6d7fd72619249adeb381e2f;0.0;0.0;0.0;0.5;0.0;1.8333333333333333;0.0;0.0;0.0;1.0;0.0;0.5;0.0;0.0;0.25;0.38888888888888884;0.0;0.0;1.5;2.333333333333333
7adfe8a8f2ce49fabe8772d2c7d7deca8749b914;0.0;0.0;0.0;1.5;0.5;0.0;1.0;0.0;0.0;6.0;0.0;4.5;0.5;0.0;1.9166666666666667;0.3333333333333333;1.0;0.0;11.5;2.0
7b882877d83362844ed860059e5e2274b5e1aa6a;0.0;6.976190476190476;0.0;2.833333333333333;3.1666666666666665;2.25;0.5;0.5;2.0;1.0;0.0;0.5;0.5;3.488095238095238;0.75;2.5376984126984126;1.0;6.976190476190476;4.5;15.226190476190476
7c8aacb1a1b8db047ada8a5e719c07f94ba911c0;0.0;0.0;0.0;0.5;0.0;0.5;1.0;0.0;0.0;0.5;1.0;0.0;0.5;0.0;0.4166666666666667;0.16666666666666666;1.0;0.0;2.5;1.0
7d0d034b66e61ddcb7f9c81b42fa9d6c790e2fe1;0.0;0.5;2.0;1.5;0.5;13.25;0.5;0.0;0.0;0.5;0.0;0.0;0.25;0.25;0.16666666666666666;2.9583333333333335;0.5;0.5;1.0;17.75
7dec407a0a131855a9137b0e04a6cc5b9cb8af66;0.0;0.0;0.0;1.8333333333333333;0.5;0.5;4.333333333333333;0.0;0.0;0.0;0.0;0.0;2.1666666666666665;0.0;0.7222222222222222;0.47222222222222215;4.333333333333333;0.0;4.333333333333333;2.833333333333333
80ef8b175906556768725249bfe6689efaefc880;0.0;2.25;2.0;0.0;0.5;0.0;15.500000000000002;0.5;0.0;4.5;0.0;17.25;8.0;1.125;6.291666666666667;0.7916666666666666;16.0;2.25;37.75;4.75
8104778b1bd1b77512ff9909d781ad3440108d84;0.0;2.6666666666666665;0.0;0.0;0.0;0.0;3.1666666666666665;0.0;39.91666666666668;0.5;4.0;0.0;1.5833333333333333;1.3333333333333333;7.930555555555557;0.4444444444444444;3.1666666666666665;2.6666666666666665;47.58333333333334;2.6666666666666665
81db814e40730e5f149c4c26551a6f86ce1b8e64;0.0;0.0;0.0;0.0;0.0;0.0;0.0;0.0;0.0;0.0;0.0;0.0;0.0;0.0;0.0;0.0;0.0;0.0;0.0;0.0
82090777057e5b8418e4c209a20c2928997d24cb;0.0;0.0;1.3333333333333333;0.0;0.0;1.0;0.5;0.0;0.0;0.0;0.0;0.0;0.25;0.0;0.08333333333333333;0.38888888888888884;0.5;0.0;0.5;2.333333333333333
8234cafa4dcd18c5bee3c95c4e76811026ea6a53;0.0;0.0;0.0;2.5;0.0;3.25;0.0;0.0;0.0;1.0;0.0;0.0;0.0;0.0;0.16666666666666666;0.9583333333333334;0.0;0.0;1.0;5.75
833518764076caa037d114455cff8b00883bb085;0.0;0.0;2.0;6.999999999999999;1.8333333333333333;6.749999999999999;32.5;0.0;1.5;0.5;1.3333333333333333;2.25;16.25;0.0;6.347222222222222;2.9305555555555554;32.5;0.0;38.083333333333336;17.583333333333332
842fbda27b35b29ea68ee1c0c3da3bd2be207210;0.0;0.0;0.0;1.5;0.0;0.0;0.0;0.5;0.0;0.0;0.0;0.0;0.25;0.0;0.08333333333333333;0.25;0.5;0.0;0.5;1.5
86a8bdb0a8c9676a3c2341b787d4c693856791e1;0.0;0.0;4.0;2.5;3.7;0.0;0.0;2.25;0.0;2.333333333333333;0.0;1.5;1.125;0.0;1.0138888888888888;1.7;2.25;0.0;6.083333333333333;10.2
89daac6f0b6f67287ebfb791365f69bb3fdaf8e7;0.0;0.0;0.0;0.5;0.0;0.5;0.0;2.0;0.0;0.5;0.0;0.0;1.0;0.0;0.4166666666666667;0.16666666666666666;2.0;0.0;2.5;1.0
8b25c7b3a77c29e1c3d4b80e6d0d846ad2d491f1;0.0;0.0;0.0;1.5;1.3333333333333333;0.0;0.0;0.0;0.5;0.0;0.0;0.0;0.0;0.0;0.08333333333333333;0.47222222222222215;0.0;0.0;0.5;2.833333333333333
8b6cb46c93fc50f8b057bfafe9cee7e1758aacd1;0.0;0.0;0.0;0.0;0.0;6.0;0.0;0.0;0.0;0.0;0.0;0.0;0.0;0.0;0.0;1.0;0.0;0.0;0.0;6.0
8c1380e65b8b929a2468b924a87169041cf74873;0.0;0.0;0.0;0.0;2.25;0.0;0.0;0.0;0.0;0.0;0.0;0.0;0.0;0.0;0.0;0.375;0.0;0.0;0.0;2.25
8d6e3a4788b876ced6ef6f77912d1ee181b415fc;0.0;0.0;2.0;6.0;4.5;5.083333333333333;2.0;6.5;0.0;1.5;1.0;1.5;4.25;0.0;2.0833333333333335;2.9305555555555554;8.5;0.0;12.5;17.583333333333332
8f44159e06781fa522902f2d7f8f3174706f414e;0.0;0.5;0.0;0.0;5.142857142857143;13.00952380952381;3.75;0.5;0.0;28.21666666666666;2.833333333333333;0.0;2.125;0.25;5.883333333333333;3.108730158730159;4.25;0.5;35.3;18.652380952380952
91c12a36efaa95f40df93c9135741ad002737546;0.0;0.0;0.0;1.8333333333333333;0.0;0.0;0.0;0.0;0.0;0.0;0.0;0.0;0.0;0.0;0.0;0.3055555555555555;0.0;0.0;0.0;1.8333333333333333
91fbcb21c14a7530f2f3ef869853a53622ed7334;0.0;0.0;0.0;2.0;0.0;0.0;3.0;1.3333333333333333;0.0;0.0;26.999999999999996;2.0;2.1666666666666665;0.0;5.5555555555555545;0.3333333333333333;4.333333333333333;0.0;33.33333333333333;2.0
938b2ca6524c5956664ef117537fc37a8acbec18;0.0;0.5;0.0;0.0;2.0;0.0;0.0;1.0;0.0;0.0;0.0;0.0;0.5;0.25;0.16666666666666666;0.4166666666666667;1.0;0.5;1.0;2.5
93e7a80b207ccc4059daf3a1abba11dfa8c6c23c;0.0;0.0;2.0;2.5;2.25;0.0;1.3333333333333333;0.0;0.5;2.0;0.5;57.5;0.6666666666666666;0.0;10.305555555555555;1.125;1.3333333333333333;0.0;61.833333333333336;6.75
958c9425eca66a75a15a62f0ba018c486934007c;0.0;0.0;2.0;6.5;0.0;0.5;1.0;0.0;0.0;0.0;0.0;0.0;0.5;0.0;0.16666666666666666;1.5;1.0;0.0;1.0;9.0
9626bfcdcbfdda64ce3a31191ceb88c9f8b52978;0.0;0.0;0.0;0.0;0.0;0.0;0.5;0.0;0.0;4.2;0.0;0.0;0.25;0.0;0.7833333333333333;0.0;0.5;0.0;4.7;0.0
96445cce79699a39851a184246b06b24c63497ff;0.0;0.0;0.0;2.5;0.0;1.3333333333333333;0.0;0.0;0.0;0.0;0.0;0.0;0.0;0.0;0.0;0.6388888888888888;0.0;0.0;0.0;3.833333333333333
96eef9f178b631ed0e867941742c25f4b9f65da7;0.0;0.0;2.0;1.0;0.0;0.0;0.0;0.0;1.0;2.5;0.0;1.0;0.0;0.0;0.75;0.5;0.0;0.0;4.5;3.0
9736fd16bf30e047b764208a284acb5d921d6bc2;0.0;0.0;0.0;1.8333333333333333;1.0;1.3333333333333333;0.0;0.0;0.0;0.0;0.0;0.0;0.0;0.0;0.0;0.6944444444444443;0.0;0.0;0.0;4.166666666666666
986b7ca95742aa90d2aeb25dff1d6a22d497659e;0.0;0.0;2.0;0.0;1.0;2.0;12.0;3.6666666666666665;0.0;0.5;19.083333333333332;0.5;7.833333333333333;0.0;5.958333333333333;0.8333333333333334;15.666666666666666;0.0;35.75;5.0
9896989b45c42b1ac66b11763e914661966205d9;0.0;0.0;2.0;2.0;0.0;7.611111111111111;1.0;0.5;0.0;0.5;0.5;0.5;0.75;0.0;0.5;1.9351851851851851;1.5;0.0;3.0;11.61111111111111
99802559e72cbc82cce3a1f791d612faeeb5e9ef;0.0;0.0;0.0;1.8333333333333333;0.0;0.5;42.83333333333334;0.0;0.0;3.5;0.0;2.25;21.41666666666667;0.0;8.097222222222223;0.38888888888888884;42.83333333333334;0.0;48.58333333333334;2.333333333333333
9b6c40db29604939621b861681b84e5cca9d1938;0.0;0.0;0.0;0.5;0.5;0.5;0.0;0.0;0.0;5.833333333333333;0.0;1.3333333333333333;0.0;0.0;1.1944444444444444;0.25;0.0;0.0;7.166666666666666;1.5
9c24a65c462341379b6429283ac93737801f9389;0.0;0.0;2.0;0.0;1.0;1.0;0.0;0.5;0.0;0.0;0.0;0.0;0.25;0.0;0.08333333333333333;0.6666666666666666;0.5;0.0;0.5;4.0
9e9976283823c7044a8ba42785855e9e16dc9134;0.0;0.5;0.0;3.5;0.0;6.333333333333333;0.0;0.0;0.0;1.3333333333333333;0.0;0.5;0.0;0.25;0.3055555555555555;1.722222222222222;0.0;0.5;1.8333333333333333;10.333333333333332
9f96ba0c0123a5b84d857f849a02a083a2fbba6b;0.0;0.0;0.0;0.0;0.0;0.5;0.0;0.0;0.0;0.0;0.5;0.0;0.0;0.0;0.08333333333333333;0.08333333333333333;0.0;0.0;0.5;0.5
a0c979eb2ed3dd7ed0809650ab784850de9afadc;0.0;0.0;0.0;0.5;0.0;7.283333333333333;1.5;0.0;7.166666666666666;1.0;0.0;0.0;0.75;0.0;1.611111111111111;1.2972222222222223;1.5;0.0;9.666666666666666;7.783333333333333
a0cef07197a2d3435d6f57d5e90ea32e0e18d44e;0.0;0.0;0.0;1.5;0.0;0.0;0.0;0.0;0.0;24.33333333333333;0.0;2.0;0.0;0.0;4.388888888888888;0.25;0.0;0.0;26.33333333333333;1.5
a10b795c0a8f5add8833833866721769c75aa371;0.0;0.0;0.0;0.0;6.416666666666667;3.6666666666666665;0.0;0.0;0.0;1.5;0.0;0.0;0.0;0.0;0.25;1.6805555555555556;0.0;0.0;1.5;10.083333333333334
a2ed97ccae0bb30d89307c34d163ec2761a8eacd;0.0;0.0;5.333333333333333;4.333333333333333;0.0;8.416666666666666;2.333333333333333;8.5;1.5;1.5;0.5;17.375;5.416666666666666;0.0;5.284722222222222;3.013888888888889;10.833333333333332;0.0;31.708333333333332;18.083333333333332
a301279665527c8fa4add8ad5a7d04c50fc2ea12;0.0;0.5;0.5;2.5;2.25;1.3333333333333333;0.0;0.0;0.0;0.0;0.0;0.0;0.0;0.25;0.0;1.1805555555555556;0.0;0.5;0.0;7.083333333333333
a4e9bd7a39a4a3fa3ba6fa3d9fcc4226d3d63a46;0.0;0.0;0.0;0.0;1.0;0.0;0.0;0.0;11.0;19.249999999999996;37.83333333333333;0.0;0.0;0.0;11.347222222222221;0.16666666666666666;0.0;0.0;68.08333333333333;1.0
a89be8df0626f0b9957032dd58fdeab74412a8b5;0.0;0.0;5.333333333333333;2.5;8.75;8.166666666666666;6.499999999999999;0.0;30.0;1.5;3.25;0.5;3.2499999999999996;0.0;6.958333333333333;4.125;6.499999999999999;0.0;41.75;24.75
a96f6211648f9ecbd94850e4271c8cfe29f7ddfb;0.0;0.0;2.0;0.0;0.0;0.0;8.5;0.5;0.0;0.5;1.8333333333333333;0.5;4.5;0.0;1.9722222222222223;0.3333333333333333;9.0;0.0;11.833333333333334;2.0
ac39e2fbeae46c23551eb54e9ffe6735af6ebbac;0.0;0.0;0.0;0.5;4.0;4.0;11.666666666666666;2.75;0.0;5.5;0.0;2.6666666666666665;7.208333333333333;0.0;3.763888888888889;1.4166666666666667;14.416666666666666;0.0;22.583333333333332;8.5
ad32cd8b3114fa67f291bfe5cac9bd96401fdb0d;0.0;0.0;2.0;0.0;6.75;0.5;0.0;0.0;0.0;2.5;1.0;0.0;0.0;0.0;0.5833333333333334;1.5416666666666667;0.0;0.0;3.5;9.25
af8848d505a376b4e59386d65856ccdd1ddf1afd;0.0;1.3333333333333333;2.0;2.0;0.0;0.5;0.0;0.0;0.0;0.0;0.0;0.0;0.0;0.6666666666666666;0.0;0.9722222222222222;0.0;1.3333333333333333;0.0;5.833333333333333
b0562a7e84830696ceb1f739f48ce79230064a56;0.0;0.0;1.5;2.5;12.075;5.0;1.0;1.3333333333333333;0.0;0.5;2.5;0.0;1.1666666666666665;0.0;0.8888888888888888;3.5124999999999997;2.333333333333333;0.0;5.333333333333333;21.075
b153914f2e02d75d24451557bd564a3fac4473ae;0.0;0.0;0.0;0.0;1.5;0.0;3.6666666666666665;0.0;2.0;0.0;24.366666666666664;3.5;1.8333333333333333;0.0;5.588888888888889;0.25;3.6666666666666665;0.0;33.53333333333333;1.5
b39d544b1afbe0322c1ceb413137cd994e42fd7c;0.0;0.0;0.0;5.166666666666666;0.0;0.0;0.0;0.0;0.5;0.0;0.0;0.0;0.0;0.0;0.08333333333333333;0.861111111111111;0.0;0.0;0.5;5.166666666666666
b4821e2a765f1e58c10bfb4aa61c636dd21fae1a;0.0;0.0;0.0;2.833333333333333;0.0;6.976190476190476;1.5;0.0;0.0;0.0;0.0;0.5;0.75;0.0;0.3333333333333333;1.634920634920635;1.5;0.0;2.0;9.80952380952381
b5cd0e6c19a855f779db1522e8aae08c8e5bef43;0.0;0.0;0.0;0.0;0.0;0.0;9.0;0.0;0.0;0.0;0.0;0.0;4.5;0.0;1.5;0.0;9.0;0.0;9.0;0.0
b5e0812e60445d3fe7535f892e0b7735479b52fc;0.0;0.0;2.0;0.5;0.0;0.0;1.5;0.0;0.0;0.0;0.0;0.0;0.75;0.0;0.25;0.4166666666666667;1.5;0.0;1.5;2.5
b6ebdf3e5f0e4bbfda909dac06134289016c7359;0.0;0.0;0.0;4.666666666666666;2.75;0.0;0.0;0.0;0.0;0.0;1.3333333333333333;0.5;0.0;0.0;0.3055555555555555;1.236111111111111;0.0;0.0;1.8333333333333333;7.416666666666666
b736d508e99ced70c414fb27044a0f8eef9cf0fc;0.0;2.6666666666666665;2.0;8.0;6.642857142857143;1.3333333333333333;9.666666666666668;0.0;0.0;0.0;0.0;0.0;4.833333333333334;1.3333333333333333;1.6111111111111114;3.4404761904761902;9.666666666666668;2.6666666666666665;9.666666666666668;20.642857142857142
b73f677e519a4bf4d446832eb58b3f0a04112b43;0.0;1.5;5.333333333333333;1.8333333333333333;0.5;1.3333333333333333;3.0;0.0;25.993589743589745;7.333333333333332;0.0;0.0;1.5;0.75;6.05448717948718;1.75;3.0;1.5;36.32692307692308;10.5
b86d77222bb623cd350b6ffd4406591ce46dbbac;0.0;0.0;0.0;1.5;0.0;1.5;11.0;0.0;0.0;0.0;0.0;28.5;5.5;0.0;6.583333333333333;0.5;11.0;0.0;39.5;3.0
b8dd4bb13b8b9d3dacaf062bc30800dbdccecf4b;0.0;0.0;1.5;0.0;1.5;0.5;0.0;0.0;0.0;0.0;2.25;0.0;0.0;0.0;0.375;0.5833333333333334;0.0;0.0;2.25;3.5
b99245183799dac29608c895bd5481a4f83d71d6;0.0;0.0;2.0;2.5;0.0;0.0;3.75;0.0;3.0;1.0;4.5;0.5;1.875;0.0;2.125;0.75;3.75;0.0;12.75;4.5
b9c2d0d2342a353dad6ddd8bb452466719b8f726;0.0;0.0;0.0;0.0;0.0;1.0;8.0;0.0;0.0;0.5;0.0;0.0;4.0;0.0;1.4166666666666667;0.16666666666666666;8.0;0.0;8.5;1.0
ba15266164841b505d1d1ae06d5932e085308ec2;0.0;0.0;2.0;1.0;0.0;5.083333333333333;0.0;0.0;0.0;0.0;0.0;0.0;0.0;0.0;0.0;1.347222222222222;0.0;0.0;0.0;8.083333333333332
ba3b42be44a09ab0db64b811784be57512ecf985;0.0;2.6666666666666665;0.0;6.833333333333333;0.5;1.0;0.0;0.5;0.5;8.0;0.0;0.5;0.25;1.3333333333333333;1.5833333333333333;1.8333333333333333;0.5;2.6666666666666665;9.5;11.0
ba5871e0c8d519c35c818eb8cee94c7f49e7eaa4;0.0;1.3333333333333333;0.0;8.4;0.0;7.733333333333333;0.0;0.0;0.0;0.0;0.0;0.0;0.0;0.6666666666666666;0.0;2.9111111111111114;0.0;1.3333333333333333;0.0;17.46666666666667
bce6c9a25c13892e6af4da6592b09ab5a90e5515;0.0;0.0;0.0;1.0;1.3333333333333333;0.0;1.5;1.3333333333333333;0.0;0.0;1.3333333333333333;0.0;1.4166666666666665;0.0;0.6944444444444443;0.38888888888888884;2.833333333333333;0.0;4.166666666666666;2.333333333333333
bcecca23914ff5e3b78d6f043dac4e641bf1592e;0.0;0.0;0.0;1.0;0.0;0.0;1.5;1.3333333333333333;8.333333333333332;18.633333333333333;0.0;0.0;1.4166666666666665;0.0;4.966666666666666;0.16666666666666666;2.833333333333333;0.0;29.799999999999997;1.0
c090aea6396949a3e236f180d10c0a6d2c0830c2;0.0;1.5;0.0;2.5;0.5;1.0;0.0;0.0;0.0;0.0;0.0;0.0;0.0;0.75;0.0;0.9166666666666666;0.0;1.5;0.0;5.5
c0c9189b7b9396f01b6da23677de6c1f2ca8bba7;0.0;1.0;0.0;0.5;0.0;0.0;2.0;0.0;0.0;0.0;0.0;0.5;1.0;0.5;0.4166666666666667;0.25;2.0;1.0;2.5;1.5
c1c1f0a1fe3eee55891c2f5d9a921e0c0d7e1005;0.0;0.0;0.0;0.0;0.0;0.0;0.0;0.0;0.0;1.0;4.0;1.0;0.0;0.0;1.0;0.0;0.0;0.0;6.0;0.0
c2602bcc459c63ef5986cba9d78253119f74c567;0.0;0.0;0.0;4.666666666666666;0.0;0.0;0.0;0.0;0.0;1.0;0.0;0.0;0.0;0.0;0.16666666666666666;0.7777777777777777;0.0;0.0;1.0;4.666666666666666
c2a32a9dd1f7c70f0249589f590c01385948a7b4;0.0;0.0;0.0;0.0;1.0;2.25;0.0;0.5;0.0;2.5;0.0;1.5;0.25;0.0;0.75;0.5416666666666666;0.5;0.0;4.5;3.25
c3fc16e36541476612e0bb0f315be56cc89f2256;0.0;1.0;2.5;1.0;0.0;0.5;4.5;0.0;0.0;12.5;0.0;6.333333333333333;2.25;0.5;3.888888888888889;0.8333333333333334;4.5;1.0;23.333333333333332;5.0
c42a26e12767fd486062cdf3ac84420acbc71766;0.0;0.0;0.0;1.8333333333333333;0.0;0.0;0.0;0.5;0.0;0.0;0.0;0.0;0.25;0.0;0.08333333333333333;0.3055555555555555;0.5;0.0;0.5;1.8333333333333333
c4655f02078e14a8504b692a8f7f62e3571ff38f;0.0;0.0;0.0;0.0;10.566666666666666;1.3333333333333333;0.0;0.0;0.0;1.0;1.0;0.0;0.0;0.0;0.3333333333333333;1.9833333333333334;0.0;0.0;2.0;11.9
c7aadf4912f25ac6317e98926d87a85c772adc2d;0.0;0.0;2.0;0.5;0.0;0.0;0.0;0.5;0.0;1.0;0.0;0.0;0.25;0.0;0.25;0.4166666666666667;0.5;0.0;1.5;2.5
c7daed73009c0d31a410be0d1212d298cf9b7f92;0.0;0.0;0.0;1.5;0.0;0.5;0.0;0.0;0.0;47.0;0.0;0.0;0.0;0.0;7.833333333333333;0.3333333333333333;0.0;0.0;47.0;2.0
c8644b4cd562816bcc1a3c5dd236ec0d1a178ee1;0.0;0.0;2.0;3.5;1.3333333333333333;2.0;6.033333333333333;2.0;0.0;0.5;0.0;0.5;4.016666666666667;0.0;1.5055555555555555;1.472222222222222;8.033333333333333;0.0;9.033333333333333;8.833333333333332
caf15d25f4ffc5852c73026246492a2fa5a850e2;0.0;0.0;0.0;0.0;3.2;2.75;0.0;0.0;0.0;0.0;0.0;0.0;0.0;0.0;0.0;0.9916666666666667;0.0;0.0;0.0;5.95
ccc40dc59deb20f9d2aa162f32a897042c6ff8a1;0.0;0.0;1.0;1.5;1.5;2.333333333333333;7.5;0.0;1.0;0.0;0.0;2.75;3.75;0.0;1.875;1.0555555555555556;7.5;0.0;11.25;6.333333333333333
ce42cdf26990c18f000612e72044b1c5ec54213f;0.0;0.0;2.0;0.0;0.0;1.3333333333333333;0.5;0.0;0.0;0.0;0.0;1.0;0.25;0.0;0.25;0.5555555555555555;0.5;0.0;1.5;3.333333333333333
ce441af47af87f111d102b2233f3d9a5072e1add;0.0;1.3333333333333333;2.0;2.0;1.0;1.0;9.0;0.0;0.0;0.0;0.0;0.0;4.5;0.6666666666666666;1.5;1.222222222222222;9.0;1.3333333333333333;9.0;7.333333333333333
d095c107bc365afe22ee3154484d4eb12440aa56;0.0;0.0;0.0;1.5;0.0;6.5;0.0;0.0;0.0;0.0;0.0;0.5;0.0;0.0;0.08333333333333333;1.3333333333333333;0.0;0.0;0.5;8.0
d148af6f7dbcd9232375295c6a1cd1b08e885dd5;0.0;0.0;0.0;1.0;0.0;0.0;4.0;0.0;0.0;0.0;1.0;0.0;2.0;0.0;0.8333333333333334;0.16666666666666666;4.0;0.0;5.0;1.0
d22db1196fa0ac6d2dcc909f62b7cc18b7780057;0.0;0.0;2.5;2.0;0.0;7.033333333333333;2.833333333333333;13.333333333333332;0.0;17.0;0.5;0.0;8.083333333333332;0.0;5.611111111111111;1.9222222222222223;16.166666666666664;0.0;33.666666666666664;11.533333333333333
d3a589e84b30e55239a8008d6282b647a1e62e92;0.0;1.3333333333333333;0.0;3.833333333333333;0.0;5.916666666666666;0.0;0.0;0.0;0.0;0.0;0.0;0.0;0.6666666666666666;0.0;1.847222222222222;0.0;1.3333333333333333;0.0;11.083333333333332
d4389a01a42868ac533884b4b8b94af7a65121a6;0.0;1.0;10.0;4.0;6.416666666666667;16.72222222222222;6.833333333333332;16.5;0.5;0.0;7.0;3.333333333333333;11.666666666666666;0.5;5.694444444444444;6.356481481481481;23.333333333333332;1.0;34.166666666666664;38.138888888888886
d5cc740e95c44f2dbaeae9e413a3837747409278;0.0;1.0;2.0;2.0;1.3333333333333333;1.3333333333333333;24.899999999999995;0.0;3.5;0.0;0.0;0.0;12.449999999999998;0.5;4.7333333333333325;1.2777777777777777;24.899999999999995;1.0;28.399999999999995;7.666666666666666
d63d4cb3004981a57f0f8aa89708bb414a06f23e;0.0;0.0;2.0;0.0;0.5;0.0;5.166666666666666;0.0;0.0;6.666666666666666;0.0;0.5;2.583333333333333;0.0;2.0555555555555554;0.4166666666666667;5.166666666666666;0.0;12.333333333333332;2.5
d66d29ea031cc5b849475d74a16fba15e284c0b1;0.0;0.0;1.0;0.5;2.25;1.5;0.0;0.0;0.0;3.0;0.0;0.0;0.0;0.0;0.5;0.875;0.0;0.0;3.0;5.25
d6dc01b3eb6b54a9638fd12260fb20e169d5da66;0.0;0.0;0.5;4.5;1.3333333333333333;0.0;0.5;0.5;0.0;0.0;0.0;0.0;0.5;0.0;0.16666666666666666;1.0555555555555556;1.0;0.0;1.0;6.333333333333333
d6e9814a3868b71061aca4eae8273d857b125994;0.0;0.0;2.0;0.5;0.0;0.0;0.0;0.0;0.0;0.0;0.0;0.5;0.0;0.0;0.08333333333333333;0.4166666666666667;0.0;0.0;0.5;2.5
d7e4aad81a2fc6223695a9c7081657d7dd2e43f6;0.0;0.0;9.0;1.0;1.3333333333333333;0.0;0.0;0.0;4.0;146.25000000000014;0.0;2.333333333333333;0.0;0.0;25.430555555555582;1.888888888888889;0.0;0.0;152.58333333333348;11.333333333333334
d855caf029466d356572dd2ba8ccdebee0e2227e;0.0;0.0;0.5;1.5;6.142857142857143;18.233766233766236;11.75;0.5;1.0;14.916666666666666;0.0;0.5;6.125;0.0;4.777777777777778;4.396103896103896;12.25;0.0;28.666666666666664;26.376623376623378
d9b3baf435d965814c522937027386a1189b3e8a;0.0;0.0;0.0;0.0;2.25;0.0;3.0;0.0;0.0;0.5;6.0;3.666666666666666;1.5;0.0;2.194444444444444;0.375;3.0;0.0;13.166666666666666;2.25
dbb408c67891886f49ae26493267e9a783688783;0.0;0.0;2.0;1.0;0.0;9.283333333333333;0.0;0.0;0.0;0.5;0.0;0.0;0.0;0.0;0.08333333333333333;2.047222222222222;0.0;0.0;0.5;12.283333333333333
dcab3e620c9948eb5e4c97ce51d2d1c15f305ea7;0.0;0.0;0.0;1.0;0.0;1.0;0.5;0.0;0.0;0.0;0.0;2.0;0.25;0.0;0.4166666666666667;0.3333333333333333;0.5;0.0;2.5;2.0
dd20af6b99a464700a9fd8bf822fdfc87349b86e;0.0;0.0;0.0;4.5;0.0;0.0;0.0;0.0;0.0;0.0;0.0;0.0;0.0;0.0;0.0;0.75;0.0;0.0;0.0;4.5
de33cbea046c82f21788506f3ed0fa57fa2d7234;0.0;0.0;0.0;1.5;4.5;2.0;1.5;0.0;0.0;6.666666666666666;0.0;1.3333333333333333;0.75;0.0;1.5833333333333333;1.3333333333333333;1.5;0.0;9.5;8.0
de363e10e402f868d57db34f57576b700edc7c2b;0.0;0.0;0.0;1.5;2.0;0.0;1.3333333333333333;3.0;0.5;0.0;4.0;0.0;2.1666666666666665;0.0;1.472222222222222;0.5833333333333334;4.333333333333333;0.0;8.833333333333332;3.5
dec8062b7eab8a96c95b9d4fedbd62dce2e25925;0.0;4.7;2.0;3.5;9.533333333333333;9.25;0.0;0.0;0.5;1.5;0.5;10.666666666666666;0.0;2.35;2.194444444444444;4.830555555555556;0.0;4.7;13.166666666666666;28.983333333333334
e0d84997d15e10bdfe98baff903bde2d78d26773;0.0;0.0;2.0;0.5;0.0;1.0;9.5;0.0;0.0;9.5;33.83333333333333;3.833333333333333;4.75;0.0;9.444444444444445;0.5833333333333334;9.5;0.0;56.666666666666664;3.5
e136194611ec53c12b1a683367697ae6bbbc25a9;0.0;0.0;4.166666666666667;0.0;0.0;0.0;0.0;0.0;0.0;0.5;0.0;0.5;0.0;0.0;0.16666666666666666;0.6944444444444445;0.0;0.0;1.0;4.166666666666667
e1b5834a6e396f55d9255e1f9f33f66d3a4b6a0f;0.0;0.0;2.0;0.5;1.0;2.25;1.0;0.0;0.5;0.0;1.0;0.5;0.5;0.0;0.5;0.9583333333333334;1.0;0.0;3.0;5.75
e1d16243d685d6f154eb089648fc32c3e17a4386;0.0;0.0;0.0;4.75;4.166666666666667;1.0;0.0;1.0;0.0;0.0;0.0;0.5;0.5;0.0;0.25;1.652777777777778;1.0;0.0;1.5;9.916666666666668
e2b0a9571c6fef418621bf040dca3da8c5362a21;0.0;0.0;2.0;2.0;1.3333333333333333;0.0;0.0;0.0;0.0;0.5;0.0;1.0;0.0;0.0;0.25;0.8888888888888888;0.0;0.0;1.5;5.333333333333333
e3f6726c87109c172bf57544bda8ab40e32822be;0.0;0.0;0.0;1.0;10.15;2.0;52.36666666666669;0.5;0.0;4.333333333333333;1.3333333333333333;1.0;26.433333333333344;0.0;9.922222222222226;2.191666666666667;52.86666666666669;0.0;59.53333333333336;13.15
e5cdcd71dda149bde72346d66d3caf28024f99ea;0.0;0.0;2.0;1.5;0.0;0.0;0.0;0.5;0.0;10.600000000000001;0.0;0.0;0.25;0.0;1.8500000000000003;0.5833333333333334;0.5;0.0;11.100000000000001;3.5
e761b3497fcd3266080b6cfa1e7ec2eeda61b25e;0.0;0.5;0.0;5.0;3.6666666666666665;1.0;2.5;0.0;1.5;0.0;0.0;0.5;1.25;0.25;0.75;1.6944444444444444;2.5;0.5;4.5;10.166666666666666
e96d3fb323ad61d729908a2127e163ff6dda2443;0.0;0.0;0.0;0.0;0.0;1.0;0.0;3.75;0.0;4.0;0.5;0.5;1.875;0.0;1.4583333333333333;0.16666666666666666;3.75;0.0;8.75;1.0
ea75f49943d3ecd813163f096f0f21ccbd4ef8c9;0.0;1.0;2.833333333333333;0.5;1.3333333333333333;1.5;4.5;0.0;0.0;0.0;0.0;1.8333333333333333;2.25;0.5;1.0555555555555556;1.1944444444444444;4.5;1.0;6.333333333333333;7.166666666666666
ebc37c14dc0482e6748865ab0d58358e89be63a2;0.0;0.0;0.0;3.5;1.3333333333333333;8.75;17.0;0.0;0.0;5.166666666666666;4.5;0.5;8.5;0.0;4.527777777777778;2.263888888888889;17.0;0.0;27.166666666666664;13.583333333333332
ec1f4b6abfb302c4fb6d6d8e0d98134f7da23aa9;0.0;0.0;2.0;0.0;16.950000000000003;5.0;12.433333333333334;30.46904761904762;21.833333333333325;1.0;55.33333333333335;3.5;21.451190476190476;0.0;20.76150793650794;3.991666666666667;42.90238095238095;0.0;124.56904761904764;23.950000000000003
ec3575e0aaf86406ac4a84bb5d0049cbed28c421;0.0;0.0;0.0;1.0;1.0;0.5;2.5;0.0;0.0;0.0;0.0;0.5;1.25;0.0;0.5;0.4166666666666667;2.5;0.0;3.0;2.5
f287bc03f1da354760d06ae72a386f51451e0278;0.0;0.0;4.5;1.0;0.0;8.342857142857143;0.0;0.0;0.5;0.0;0.0;0.5;0.0;0.0;0.16666666666666666;2.3071428571428574;0.0;0.0;1.0;13.842857142857143
f28c6e1a9bf60d3ba776d6be18bb5dcc3d2d91da;0.0;0.0;0.0;0.5;0.0;0.5;3.5;0.0;3.5;2.5;4.0;1.3333333333333333;1.75;0.0;2.4722222222222223;0.16666666666666666;3.5;0.0;14.833333333333334;1.0
f2bb2b3fe03f459960fc0f061ca7251557340fd5;0.0;6.125;0.0;0.0;0.0;4.166666666666667;0.5;3.833333333333333;1.0;12.25;0.0;0.5;2.1666666666666665;3.0625;3.013888888888889;1.715277777777778;4.333333333333333;6.125;18.083333333333332;10.291666666666668
f4a70b94c0f0672dc6493d156518ae25c3976a06;0.0;0.0;2.0;1.0;4.166666666666667;0.5;0.5;3.0;0.0;0.0;0.0;0.0;1.75;0.0;0.5833333333333334;1.277777777777778;3.5;0.0;3.5;7.666666666666667
f585fa117b6526204820e0b1eb2a80d27b8592f5;0.0;0.0;2.0;0.5;0.0;0.0;0.0;0.0;0.0;0.0;0.0;0.0;0.0;0.0;0.0;0.4166666666666667;0.0;0.0;0.0;2.5
f6a45f0aa04a8d131333739859a926bcbc8a12a9;0.0;0.0;3.0;5.333333333333333;0.5;6.166666666666667;0.5;0.0;0.0;0.0;0.0;0.0;0.25;0.0;0.08333333333333333;2.5;0.5;0.0;0.5;15.0
f724564ebbaf4cbfa45bbb21a883b9b4e33108ed;0.0;0.0;1.0;1.0;1.3333333333333333;2.833333333333333;0.0;0.0;0.0;2.0;0.5;4.083333333333333;0.0;0.0;1.097222222222222;1.0277777777777777;0.0;0.0;6.583333333333333;6.166666666666666
f789e70e136b898f3580af7fe3fc63c5b741991b;0.0;0.0;1.3333333333333333;2.6666666666666665;3.25;2.333333333333333;0.0;0.5;0.0;0.5;0.0;0.5;0.25;0.0;0.25;1.597222222222222;0.5;0.0;1.5;9.583333333333332
f904cf4af455a40289408485efcc117e1a9b60ad;0.0;0.0;0.0;2.5;0.5;0.0;0.5;0.0;0.0;10.0;1.0;0.5;0.25;0.0;2.0;0.5;0.5;0.0;12.0;3.0
f9b3517060098c41fc220990ba51263fa76c34c5;0.0;0.0;2.0;2.333333333333333;1.0;0.0;0.5;0.0;0.0;22.5;0.0;0.0;0.25;0.0;3.8333333333333335;0.8888888888888888;0.5;0.0;23.0;5.333333333333333
f9bca1aec5accded1070638cdde237bb8c81c301;0.0;0.5;0.5;2.0;3.1666666666666665;2.75;0.0;0.0;0.0;0.0;0.0;0.0;0.0;0.25;0.0;1.486111111111111;0.0;0.5;0.0;8.916666666666666
f9fbdcf24195ad559c966a8f75610043b7cdf377;0.0;10.285714285714286;0.0;2.5;1.8333333333333333;7.392857142857143;37.0;0.0;5.5;7.0;13.500000000000002;20.0;18.5;5.142857142857143;13.833333333333334;3.668650793650794;37.0;10.285714285714286;83.0;22.011904761904763
fb73ea9cf4691e35b05bfd0192b1ba7f0d2dbc8f;0.0;0.0;0.0;3.0;1.8333333333333333;0.0;0.0;0.0;0.0;0.0;0.0;0.0;0.0;0.0;0.0;0.8055555555555555;0.0;0.0;0.0;4.833333333333333
fee49cbc8cf946fadb723614b8caafb24a1c6d48;0.0;0.0;0.5;7.333333333333333;1.0;5.166666666666666;4.0;0.0;0.0;0.0;0.0;0.5;2.0;0.0;0.75;2.333333333333333;4.0;0.0;4.5;13.999999999999998
feed1621d6e46f3100522dadfbb9ecec17fe8ba4;0.0;1.3333333333333333;0.0;1.0;0.0;1.0;8.5;0.0;26.5;9.0;17.666666666666668;3.6666666666666665;4.25;0.6666666666666666;10.888888888888891;0.5555555555555555;8.5;1.3333333333333333;65.33333333333334;3.333333333333333
ff126a7ee3f7c8a16ba56d69ae9ae61028597309;0.0;0.0;0.0;1.8333333333333333;0.0;0.0;0.0;0.0;0.0;0.0;0.0;0.5;0.0;0.0;0.08333333333333333;0.3055555555555555;0.0;0.0;0.5;1.8333333333333333
ff3a194928159b2440a0a89750ae23fbf55f279c;0.0;0.0;2.0;0.0;4.166666666666667;10.499999999999998;1.0;1.0;4.0;1.5;8.5;3.5;1.0;0.0;3.25;2.7777777777777772;2.0;0.0;19.5;16.666666666666664
